pred	count
하다	16135
있다	8288
말하다	8199
받다	6274
보다	6140
되다	6094
없다	4876
밝히다	4430
크다	3477
나오다	3449
열다	3402
아니다	3356
많다	2927
만들다	2760
같다	2628
높다	2624
오르다	2205
들다	2145
내다	2122
알다	2072
쓰다	1953
좋다	1909
잇다	1886
나서다	1681
지나다	1530
보이다	1512
찾다	1495
전하다	1455
가다	1441
주다	1432
만나다	1405
살다	1382
오다	1328
늘다	1300
어렵다	1293
넘다	1248
맞다	1243
바꾸다	1226
벌이다	1216
이루다	1163
맡다	1114
줄다	1107
필요하다	1085
두다	1067
주장하다	1067
나타나다	1040
발표하다	1030
남다	1027
설명하다	1019
떨어지다	1010
강조하다	992
잡다	963
이르다	962
생각하다	953
요구하다	931
모으다	925
갖다	924
보내다	913
담다	911
알려지다	904
다르다	902
부르다	901
낮다	892
서다	871
늘어나다	866
가지다	860
참여하다	854
내놓다	842
들어가다	836
시작하다	829
적다	825
내리다	816
막다	810
기록하다	800
끝나다	799
다양하다	795
듣다	795
얻다	779
드러나다	760
새롭다	759
추진하다	752
거치다	752
타다	713
나다	706
묻다	704
사용하다	703
앞서다	700
앞두다	699
중요하다	697
놓다	687
이용하다	677
지원하다	677
관련하다	659
차지하다	657
포함하다	654
지적하다	652
확인하다	651
발생하다	649
나누다	642
생기다	630
마련하다	629
빠지다	616
먹다	616
이끌다	612
참석하다	612
걸리다	609
지키다	609
보도하다	607
운영하다	606
느끼다	598
모르다	596
대하다	588
팔다	569
제공하다	568
갖추다	565
펼치다	562
입다	562
공개하다	562
짓다	557
결정하다	555
시작되다	552
아닌	551
열리다	550
가능하다	546
활용하다	540
위하다	537
떠나다	535
일하다	519
진행하다	514
그치다	511
힘들다	510
치르다	507
마치다	505
강하다	505
쉽다	502
유지하다	496
겪다	496
분석하다	491
비판하다	490
정하다	487
맞추다	487
인정하다	482
강화하다	466
미치다	463
진행되다	460
방문하다	458
치다	458
포함되다	457
꼽다	450
제시하다	450
넣다	450
비슷하다	448
예상되다	444
지내다	444
당하다	435
확보하다	435
줄어들다	433
풀다	429
붙다	427
고려하다	424
평가하다	419
조사하다	418
작다	413
검토하다	408
일어나다	399
논의하다	398
끌다	396
따르다	395
기대하다	395
뛰다	394
개발하다	392
준비하다	392
삼다	389
증가하다	386
제외하다	385
확대하다	382
요청하다	382
성공하다	382
찍다	381
반대하다	379
차다	379
그리다	379
옮다	378
거두다	377
확인되다	375
가깝다	375
들어오다	373
읽다	371
실시하다	369
제출하다	367
돕다	366
나가다	364
숨지다	361
받아들이다	360
몰다	357
선보이다	356
달리다	355
판단하다	355
향하다	355
피하다	353
다니다	350
잃다	349
사라지다	344
덧붙이다	341
사다	339
던지다	339
다루다	338
맺다	338
적용하다	336
달하다	335
내세우다	335
답하다	335
부족하다	334
벗어나다	331
쏟다	330
반영하다	329
죽다	329
배우다	328
불과하다	327
이기다	327
등장하다	320
해결하다	318
제기하다	318
쌓다	317
들어서다	317
원하다	313
싣다	310
젊다	310
도입하다	309
지다	308
빠르다	307
합의하다	303
넘기다	301
믿다	301
즐기다	299
뽑다	299
바라다	297
챙기다	296
돌아가다	295
제안하다	294
올리다	294
제기되다	291
전달하다	291
걸다	290
투자하다	289
돌아오다	289
거부하다	288
걸치다	286
참가하다	283
달다	282
둘러싸다	280
주도하다	279
맞서다	278
설치하다	277
보유하다	276
걷다	276
활동하다	275
못하다	275
선언하다	275
선택하다	275
빼다	270
구성되다	269
비교하다	268
기다리다	268
깨다	268
반발하다	262
언급하다	258
신청하다	258
움직이다	257
출전하다	255
촉구하다	255
지급하다	253
통하다	253
깊다	252
소개하다	252
대비하다	252
파악하다	251
심각하다	251
발견되다	251
빚다	250
처리하다	248
일으키다	246
따다	245
세우다	241
우려하다	238
흔들다	238
선정하다	237
터지다	235
올라가다	234
돌리다	233
판매하다	233
떠오르다	233
지켜보다	233
웃다	233
앉다	232
구성하다	231
중단하다	231
일다	230
이어지다	229
심하다	229
허용하다	228
취하다	226
포기하다	225
감안하다	225
선정되다	223
노력하다	221
관련되다	220
근무하다	220
벌리다	220
내주다	218
넓다	218
강력하다	217
변하다	217
넘어서다	216
낳다	216
노리다	216
빌리다	215
예상하다	215
통과하다	215
태어나다	215
감소하다	215
계속되다	214
공개되다	213
뛰어나다	211
대응하다	209
담당하다	209
규정하다	208
마시다	208
유명하다	207
시도하다	206
구하다	206
실패하다	205
집중하다	205
잇따르다	205
진출하다	204
출연하다	203
다하다	203
잘하다	202
약속하다	202
공급하다	200
시행하다	199
터뜨리다	199
유일하다	199
관리하다	199
돌다	198
발견하다	198
이해하다	196
가리다	195
성장하다	195
무너지다	195
어리다	194
머물다	194
여기다	193
해당하다	192
길다	191
숨다	191
찾아가다	190
의미	190
더하다	190
호소하다	189
표현하다	189
설립하다	188
찾아오다	188
전망되다	188
가입하다	187
흐르다	186
뜨다	186
우승하다	185
전환하다	185
적용되다	183
도착하다	183
지시하다	182
투입하다	181
시달리다	180
인정받다	180
생산하다	178
불가능하다	178
쉬다	178
전망하다	177
견주다	177
확정하다	175
유리하다	175
마련되다	175
가르치다	175
비싸다	175
치열하다	174
꺾다	174
끊다	173
짧다	172
따지다	172
개선하다	171
낫다	170
멈추다	169
추정되다	169
벌다	168
이야기하다	168
설치되다	167
안다	167
바라보다	166
합치다	166
부인하다	166
신고하다	166
확정되다	166
고민하다	165
상승하다	165
외치다	163
나쁘다	162
기울다	162
밟다	162
압박하다	162
특별하다	162
아름답다	160
버리다	160
겨냥하다	160
출발하다	160
뒤지다	160
확산되다	160
조성하다	160
기소되다	159
구축하다	159
사용되다	159
제작하다	158
띄다	158
내걸다	157
체결하다	157
배치하다	157
수행하다	156
구입하다	153
지지하다	153
뜻하다	153
졸업하다	152
개최하다	152
사망하다	152
오가다	152
추구하다	151
책임지다	151
인수하다	150
보고하다	150
밀리다	150
뜨겁다	150
결정되다	149
반박하다	148
급증하다	148
펴다	148
끌어올리다	148
꾸리다	148
올라오다	148
좁다	148
충분하다	147
추천하다	147
저지르다	147
늦다	146
싸다	146
건네다	146
행사하다	146
물러나다	146
주문하다	146
끼치다	145
작성하다	145
불거지다	144
보장하다	144
적절하다	143
멀다	142
주목하다	142
꺼내다	141
놓치다	141
가져오다	141
선고하다	140
퍼지다	140
약하다	140
누리다	140
예정되다	139
내다보다	139
정확하다	139
기여하다	139
제한하다	139
고르다	139
연결하다	138
반영되다	138
공부하다	138
속하다	138
대표하다	138
미루다	138
동원하다	137
누르다	137
도전하다	137
취소하다	137
꼽히다	136
발표되다	136
정리하다	136
수용하다	136
처하다	136
상당하다	136
잇달다	136
쏘다	136
출시하다	135
불가피하다	134
조정하다	134
가르다	134
머무르다	134
넘치다	133
풀이되다	133
연결되다	133
깔다	133
금지하다	133
행복하다	133
공유하다	132
놀라다	132
해명하다	131
조사되다	131
흘리다	131
작용하다	131
동의하다	130
함께하다	130
시키다	130
사랑하다	130
지니다	129
도입되다	129
승리하다	129
때리다	129
다가오다	129
계속하다	129
늘리다	129
살펴보다	128
꾸미다	127
넘어가다	127
거론되다	127
무시하다	127
선발하다	127
달성하다	126
통과시키다	125
통보하다	125
극복하다	124
붙잡다	124
이동하다	124
점검하다	124
합류하다	124
아프다	123
확대되다	123
개입하다	123
고치다	123
하락하다	122
밝다	122
시행되다	121
거론하다	121
꿈꾸다	120
항의하다	120
엇갈리다	120
부여하다	119
뛰어들다	119
출마하다	119
기부하다	119
지속되다	118
운영되다	118
번지다	118
날리다	118
기소하다	118
종합하다	118
배제하다	117
떼다	117
인용하다	117
이루어지다	117
뒤집다	117
연구하다	117
쏠리다	117
수많다	117
착수하다	117
지정하다	117
견디다	117
접근하다	117
접하다	117
경고하다	116
싸우다	116
내려가다	115
잊다	115
가하다	115
부담하다	115
설득하다	115
존재하다	115
떠올리다	115
묶다	114
찾아보다	114
청구하다	113
깎다	113
복귀하다	113
협의하다	113
조언하다	112
채용하다	112
화려하다	112
중단되다	111
보호하다	111
앓다	110
앞장서다	110
출범하다	110
분명하다	110
공격하다	110
임명하다	110
수사하다	110
회복하다	109
분류되다	109
다치다	109
택하다	109
유도하다	109
투입되다	109
겹치다	108
갚다	108
짜다	108
비난하다	108
자랑하다	108
경험하다	107
적발되다	107
마무리하다	107
채택하다	107
그렇다	107
않다	107
당선되다	107
비다	106
아끼다	106
예고하다	106
불다	106
위협하다	106
임명되다	106
바람직하다	106
취임하다	105
추진되다	105
말다	105
어떻다	105
감추다	105
추가하다	104
펴내다	104
차단하다	104
물다	104
섞다	104
개선되다	103
주목되다	103
설립되다	103
엄청나다	103
찾아내다	103
털어놓다	103
표시하다	103
활약하다	102
발휘하다	102
불안하다	102
해석하다	102
지정되다	102
당부하다	102
의존하다	102
그만두다	102
관여하다	102
노출되다	102
과도하다	102
쥐다	102
협력하다	101
진입하다	101
개정하다	101
사퇴하다	101
제치다	101
연기하다	101
아쉽다	101
민감하다	101
버티다	101
닫다	101
마무리되다	100
드러내다	100
뚫다	100
폐지하다	100
배치되다	100
주고받다	99
찬성하다	99
의하다	99
집중되다	99
심다	99
연장하다	99
연계하다	98
많아지다	98
울다	98
내비치다	98
다지다	98
악화되다	97
돌파하다	97
의뢰하다	97
알아보다	97
위반하다	97
알리다	97
도와주다	96
돌아서다	96
부과하다	96
똑같다	96
주최하다	96
자유롭다	96
집계되다	96
강화되다	95
예측하다	95
분석되다	95
구속되다	95
따뜻하다	95
훔치다	95
쏟아지다	94
의식하다	94
나아가다	94
치솟다	94
통과되다	94
뿌리다	93
인정되다	93
위치하다	93
잘못된	93
복잡하다	93
휩쓸다	93
우수하다	93
비롯하다	93
포함시키다	93
단순하다	92
거세다	92
벗다	92
대다	92
뚜렷하다	92
동참하다	92
커지다	92
울리다	92
귀국하다	92
대처하다	91
매입하다	91
기억하다	91
유치하다	91
불편하다	91
막대하다	91
맡기다	91
철저하다	91
살피다	91
편하다	90
잡히다	90
사들이다	90
활발하다	90
무산되다	90
뛰어넘다	90
무겁다	90
출석하다	90
풍부하다	89
고발하다	89
수상하다	89
발의하다	89
지나치다	89
실시되다	89
차리다	89
응하다	87
자극하다	87
건설하다	87
피우다	87
발사하다	87
걱정하다	87
공감하다	87
우려되다	87
체포되다	87
내려오다	87
완화하다	86
영입하다	86
경쟁하다	86
조성되다	86
위험하다	86
밝혀지다	86
제외되다	86
자라다	85
존중하다	85
주력하다	85
결혼하다	85
들여다보다	85
이렇다	85
가난하다	85
지나가다	85
부탁하다	84
매기다	84
초청하다	84
추정하다	84
발굴하다	84
안전하다	83
불리하다	83
어울리다	83
접다	83
품다	83
소화하다	83
장악하다	83
발행하다	83
사과하다	82
건강하다	82
침해하다	81
확실하다	81
해석되다	81
중시하다	81
합격하다	81
닿다	80
뽑히다	80
신설하다	80
권하다	80
기르다	80
이행하다	79
앞당기다	79
유력하다	79
의심하다	79
바쁘다	79
틀다	79
발전하다	79
힘입다	79
진정하다	79
구분하다	79
연주하다	79
익숙하다	79
최소화하다	78
추락하다	78
짚다	78
입학하다	78
강행하다	78
형성되다	78
돌려주다	78
다투다	78
구매하다	78
접촉하다	77
드물다	77
촬영하다	77
닮다	77
살아나다	77
인식하다	77
끊기다	77
무관하다	77
되찾다	77
남기다	76
명확하다	76
표명하다	76
시급하다	76
올라서다	76
새기다	76
바뀌다	76
부진하다	76
가볍다	76
평범하다	76
등판하다	76
입수하다	76
총괄하다	76
공정하다	76
살해하다	76
진술하다	76
돌보다	75
표하다	75
모색하다	75
보관하다	75
거듭하다	75
탈출하다	75
고용하다	75
탄생하다	75
비추다	75
떨다	75
부리다	75
다녀오다	75
덜다	75
추적하다	75
판결하다	74
선호하다	74
안되다	74
간단하다	74
거주하다	74
제거하다	74
무섭다	74
지휘하다	74
무리하다	74
실천하다	73
부담스럽다	73
드리다	73
등록하다	73
오래되다	73
보태다	73
자르다	73
거대하다	73
유사하다	72
삭제하다	72
분양하다	72
가져가다	72
시사하다	72
데려오다	72
유지되다	72
낡다	72
부당하다	71
본격화하다	71
동일하다	71
반복하다	71
들려주다	71
통합하다	71
해소하다	71
부적절하다	71
불참하다	71
처벌하다	71
데리다	71
굳다	70
독특하다	70
초래하다	70
수출하다	70
매각하다	70
인상하다	70
어기다	70
입증하다	69
옳다	69
불러일으키다	69
이전하다	69
개막하다	69
잘되다	69
충돌하다	68
부드럽다	68
파견하다	68
반하다	68
자제하다	68
지우다	68
맞붙다	68
설계하다	68
치료하다	68
의미하다	68
속다	68
내보내다	68
만만하다	67
늦추다	67
의결하다	67
잦다	67
끊이다	67
깨닫다	67
만족하다	67
소유하다	67
불투명하다	67
금지되다	67
기념하다	67
켜다	67
변경하다	67
발전시키다	67
체포하다	67
자다	67
튀다	67
수정하다	67
방한하다	66
홍보하다	66
높아지다	66
탈락하다	66
확장하다	66
달라지다	66
돋보이다	66
외면하다	66
대신하다	66
작동하다	66
구속하다	66
매달다	66
메우다	65
계산하다	65
편성하다	65
훼손하다	65
긋다	65
빛나다	65
지르다	65
제한되다	65
연출하다	65
끼다	65
비치다	65
낯설다	65
올바르다	65
두드러지다	65
빼돌리다	65
입사하다	65
전공하다	65
형성하다	65
공략하다	64
권고하다	64
선포하다	64
어둡다	64
밀다	64
저렴하다	64
살아남다	64
패하다	64
보완하다	64
당연하다	64
꺼리다	64
옮기다	64
출시되다	64
빠져나가다	64
내밀다	64
교체하다	63
엄격하다	63
주관하다	63
대체하다	63
입주하다	63
안타깝다	63
휘두르다	63
별다르다	63
기대되다	63
붓다	63
유발하다	63
협조하다	62
붉다	62
처리되다	62
마감하다	62
거절하다	62
덮다	62
싫다	62
털다	62
가동하다	62
놀다	62
개발되다	62
모집하다	61
취약하다	61
수집하다	61
전달되다	61
과시하다	61
다가가다	61
극심하다	61
완벽하다	61
응답하다	61
논의되다	61
창출하다	61
데뷔하다	61
잡아내다	61
바로잡다	61
철회하다	60
돌아보다	60
못지않다	60
내려놓다	60
가두다	60
놀랍다	60
건의하다	60
고수하다	60
돌아다니다	60
선출되다	60
소개되다	60
두렵다	60
장착하다	59
감당하다	59
판매되다	59
생활하다	59
뒷받침하다	59
통제하다	59
분류하다	59
육성하다	59
상징하다	59
조작하다	59
접수되다	59
진단하다	59
연루되다	59
명시하다	59
복원하다	59
실현하다	58
계획하다	58
씻다	58
모시다	58
절실하다	58
재직하다	58
회복되다	58
활용되다	58
취소되다	58
이상하다	58
들르다	58
가득하다	58
해결되다	58
희망하다	57
지목하다	57
예방하다	57
꾸다	57
비하다	57
괜찮다	57
손잡다	57
중대하다	57
같이하다	57
개봉하다	57
눕다	57
도달하다	57
임하다	57
답변하다	57
밀어붙이다	57
기획하다	57
궁금하다	57
맑다	57
접어들다	56
직면하다	56
완성하다	56
수입하다	56
찍히다	56
닦다	56
재개하다	56
편안하다	56
대화하다	56
물어보다	56
부딪히다	56
보장되다	56
감수하다	56
지배하다	56
환영하다	56
짙다	56
지치다	56
엮다	56
출간되다	55
파괴하다	55
전시되다	55
상정하다	55
다짐하다	55
살아가다	55
전락하다	55
애쓰다	55
즐겁다	55
급등하다	55
얽다	55
감싸다	55
평가받다	55
멋지다	55
탄탄하다	54
적합하다	54
말리다	54
설정하다	54
결합하다	54
띄우다	54
부상하다	54
주목받다	54
응원하다	54
끌어들이다	54
배출하다	54
소중하다	54
추다	54
추가되다	54
수립하다	53
기리다	53
착하다	53
유출되다	53
병행하다	53
감염되다	53
몰아주다	53
제작되다	53
불러오다	53
훌륭하다	53
폐지되다	53
나빠지다	53
성사되다	53
강요하다	53
진학하다	53
기록되다	53
추산되다	53
끓다	53
변신하다	53
출동하다	53
쓰러지다	53
띠다	52
육박하다	52
돌입하다	52
검다	52
승인하다	52
마땅하다	52
길어지다	52
안정되다	52
모자라다	52
승진하다	52
웃돌다	52
견제하다	52
반복되다	52
파면되다	52
괴롭다	52
불필요하다	52
동행하다	52
흔하다	52
증명하다	51
두드리다	51
해당되다	51
결심하다	51
구현하다	51
서두르다	51
힘쓰다	51
꼬집다	51
충실하다	51
공연하다	51
위대하다	51
묘사하다	51
초과하다	51
억울하다	51
폭로하다	51
따내다	51
입력하다	51
면하다	50
독려하다	50
가라앉다	50
해내다	50
훼손되다	50
조절하다	50
방해하다	50
등록되다	50
흥미롭다	50
대단하다	50
건너다	49
사로잡다	49
표방하다	49
개설하다	49
날아가다	49
증언하다	49
자연스럽다	49
흘러나오다	49
과감하다	49
여전하다	49
채취	49
확고하다	49
소환하다	49
선물하다	49
따라가다	49
절감하다	49
입건하다	49
퍼붓다	49
탑재하다	49
부정하다	49
검출되다	49
관하다	49
맞물다	49
계약하다	49
합하다	48
묶이다	48
포착하다	48
은퇴하다	48
뽑아내다	48
지적되다	48
파견되다	48
밝혀내다	48
다름없다	48
익히다	48
맛보다	48
주재하다	48
전시하다	48
박다	48
활성화하다	48
재미있다	48
취재하다	48
지목되다	48
정비하다	48
채택되다	48
측정하다	48
배려하다	47
끌어내다	47
완성되다	47
기쁘다	47
체험하다	47
대변하다	47
올려놓다	47
분리하다	47
긴장하다	47
부풀리다	47
풀어내다	47
고맙다	47
당기다	47
지명하다	47
어긋나다	47
취득하다	47
몰려들다	47
추산하다	47
둘러보다	47
규제하다	46
취업하다	46
감사하다	46
신중하다	46
경계하다	46
조율하다	46
투명하다	46
들여오다	46
격려하다	46
부치다	46
부추기다	46
신속하다	46
고소하다	46
실종되다	46
관찰하다	46
대답하다	46
유입되다	46
넘겨받다	46
소집하다	46
소통하다	46
감시하다	46
푸르다	46
권유하다	46
담기다	46
기각하다	46
매다	46
미안하다	46
운행하다	45
붇다	45
대립하다	45
도약하다	45
선전하다	45
접수하다	45
바르다	45
물러서다	45
집행하다	45
커다랗다	45
연락하다	45
축소하다	45
폐쇄하다	45
가리키다	45
제공되다	45
거듭나다	45
방송하다	45
제의하다	45
확충하다	45
차별화되다	45
넘나들다	45
관람하다	45
되풀이하다	45
되살다	45
평가되다	45
해치다	45
완공되다	45
섭취하다	45
생산되다	44
선출하다	44
운용하다	44
감상하다	44
슬프다	44
토로하다	44
까다롭다	44
양보하다	44
위축되다	44
적응하다	44
충당하다	44
일관하다	44
상대하다	44
재확인하다	44
빼앗다	44
파고들다	44
급감하다	44
축소되다	44
느리다	44
선임하다	44
성폭행하다	44
수색하다	44
부각되다	44
그러다	43
응시하다	43
되돌리다	43
잃어버리다	43
생겨나다	43
거르다	43
일정하다	43
단행하다	43
노래하다	43
지향하다	43
비롯되다	43
한정되다	43
찌르다	43
정당하다	43
서명하다	43
후원하다	43
개정되다	43
위로하다	43
입원하다	43
달아나다	43
누비다	42
반성하다	42
준비되다	42
거래하다	42
겨루다	42
치닫다	42
얹다	42
압도하다	42
신뢰하다	42
꾀하다	42
아우르다	42
처분하다	42
납득하다	42
모호하다	42
완료하다	42
강경하다	42
읽히다	42
급락하다	42
연잇다	42
철거하다	42
참다	42
전개하다	42
출근하다	42
파악되다	42
어우러지다	41
복용하다	41
일컫다	41
발간하다	41
가늠하다	41
고집하다	41
개방하다	41
곤란하다	41
기증하다	41
보고되다	41
휩싸이다	41
떨치다	41
상실하다	41
예쁘다	41
따돌리다	41
명백하다	41
주춤하다	41
이어가	41
성공시키다	41
잘못되다	41
부활하다	41
어쩌다	41
담아내다	41
출국하다	41
양성하다	41
집권하다	41
심화되다	41
폭발하다	41
보존하다	40
지급되다	40
맞이하다	40
획득하다	40
생생하다	40
폭행하다	40
지속하다	40
꺼지다	40
근거하다	40
뭉치다	40
빼내다	40
협박하다	40
철수하다	40
채우다	40
만지다	40
벌어들이다	40
건너가다	40
반응하다	40
번역하다	40
틀리다	40
시원하다	39
통화하다	39
진지하다	39
고조되다	39
세다	39
달려가다	39
급하다	39
수주하다	39
정교하다	39
발달하다	39
안내하다	39
빠져들다	39
닥치다	39
기대다	39
넘겨주다	39
해제하다	39
불어나다	39
답답하다	39
점치다	39
흘러가다	39
특정하다	39
일치하다	39
달래다	39
밀려나다	39
바치다	39
깔끔하다	39
지도하다	39
향상되다	38
방지하다	38
갈다	38
각별하다	38
휘말리다	38
소요되다	38
가정하다	38
우세하다	38
차갑다	38
몰아치다	38
트다	38
반납하다	38
판단되다	38
참배하다	38
토론하다	38
걸맞다	38
가로막다	38
완료되다	38
선임되다	38
공언하다	38
편리하다	38
들리다	38
기원하다	38
신다	38
소외되다	38
진화하다	38
보내오다	38
방치하다	38
점령하다	38
건드리다	37
지불하다	37
번갈다	37
공급되다	37
유행하다	37
교환하다	37
숙다	37
미흡하다	37
흩다	37
팽팽하다	37
시인하다	37
찢다	37
개편하다	37
젖다	37
자살하다	37
회수하다	37
기도하다	37
칭찬하다	37
행동하다	37
채취하다	37
담그다	37
일축하다	37
발탁되다	37
몰두하다	37
전환되다	37
입단하다	37
허용되다	37
제압하다	36
싫어하다	36
치우다	36
충족하다	36
주되다	36
꽂다	36
남다르다	36
신설되다	36
풀리다	36
접속하다	36
집계하다	36
제시되다	36
조달하다	36
밑돌다	36
맞대다	36
물리치다	36
제정하다	36
제출되다	36
방송되다	36
눈부시다	36
적잖다	36
몰리다	36
개최되다	36
일구다	36
인접하다	36
배포하다	35
광범위하다	35
탈당하다	35
동원되다	35
자세하다	35
규정되다	35
헤어지다	35
빼앗기다	35
인하다	35
소속되다	35
상상하다	35
새다	35
솔직하다	35
역설하다	35
망가지다	35
파헤치다	35
전담하다	35
침몰하다	35
묵다	35
전개되다	35
검증하다	35
마르다	35
편입되다	35
깨끗하다	35
잠들다	35
포착되다	35
봐주다	35
수렴하다	34
명시되다	34
저조하다	34
착공하다	34
왜곡하다	34
반기다	34
춥다	34
떠넘기다	34
내정되다	34
왜곡되다	34
불구하다	34
재현하다	34
꺾이다	34
부합하다	34
갇히다	34
감축하다	34
한하다	34
결성하다	34
할인하다	34
거스르다	34
꿇다	34
평하다	34
빗대다	34
끼우다	34
지원	34
잘못하다	33
분리되다	33
요구되다	33
무책임하다	33
자랑스럽다	33
입국하다	33
빼놓다	33
취급하다	33
부끄럽다	33
투표하다	33
부과되다	33
활성화되다	33
속출하다	33
쏟아붓다	33
끄다	33
선사하다	33
소지	33
날카롭다	33
폭넓다	33
장식하다	33
흡수하다	33
집어넣다	33
책정하다	33
살아오다	33
극대화하다	33
용납하다	33
참고하다	33
살리다	33
연계되다	33
달아오르다	33
인상되다	33
쫓겨나다	33
감행하다	33
거래되다	33
어색하다	33
안하	33
뜯다	33
빠져나오다	32
훈련하다	32
가세하다	32
막강하다	32
침묵하다	32
선도하다	32
전후하다	32
저장하다	32
녹음하다	32
규명하다	32
끔찍하다	32
납부하다	32
상영되다	32
출간하다	32
겸하다	32
마주치다	32
돌려받다	32
끌어가다	32
저항하다	32
떠안다	32
구르다	32
축하하다	32
쫓기다	32
방대하다	32
목격하다	32
모여들다	32
매달리다	32
가능	32
개통되다	31
제정되다	31
주어지다	31
감다	31
집착하다	31
딛다	31
특이하다	31
공존하다	31
변화하다	31
회피하다	31
보도되다	31
발급하다	31
자리잡	31
닫히다	31
곁들이다	31
천명하다	31
소박하다	31
교육하다	31
실행하다	31
단속하다	31
용인하다	31
개통하다	31
드나들다	31
파다	31
든든하다	31
몸담다	31
다녀가다	31
선고되다	31
아쉬워하다	31
재개되다	31
친하다	31
꾸준하다	31
수습하다	31
지원받다	31
방영되다	31
심사하다	30
엄중하다	30
긴밀하다	30
이러하다	30
줍다	30
해소되다	30
높이다	30
부각시키다	30
희생되다	30
선명하다	30
의무화하다	30
가담하다	30
망치다	30
이혼하다	30
납품하다	30
희다	30
유용하다	30
분노하다	30
황당하다	30
탁월하다	30
기용하다	30
뻗다	30
불어넣다	30
일삼다	30
실리다	30
표기하다	30
공시하다	30
보강하다	30
연기되다	30
부실하다	30
독점하다	30
확신하다	30
두껍다	30
두르다	30
고심하다	30
숱하다	30
넘어오다	30
적발하다	30
전화하다	30
쫓다	30
폐기하다	30
메다	30
방치되다	30
파괴되다	30
횡령하다	29
꼬이다	29
공약하다	29
절박하다	29
수여하다	29
더디다	29
귀띔하다	29
간주하다	29
개척하다	29
확산시키다	29
녹다	29
뒤흔들다	29
창업하다	29
결의하다	29
부딪치다	29
조속하다	29
내려받다	29
허술하다	29
고생하다	29
지원되다	29
비기다	29
무장하다	29
수감되다	29
배다	29
손꼽히다	29
불행하다	29
연상하다	29
업다	29
건조하다	29
부임하다	29
준수하다	29
엿보다	29
불허하다	29
도모하다	29
박히다	29
정리되다	29
구경하다	29
강의하다	29
뽐내다	28
넓어지다	28
탈바꿈하다	28
얼어붙다	28
멀어지다	28
구체화하다	28
치중하다	28
얇다	28
관할하다	28
언급되다	28
퍼뜨리다	28
보류하다	28
부닥치다	28
연대하다	28
게재하다	28
입문하다	28
규탄하다	28
오르내리다	28
역임하다	28
화답하다	28
녹이다	28
옹호하다	28
급격하다	28
지연되다	28
다채롭다	28
구사하다	28
뒤따르다	28
떠돌다	28
빨갛다	28
뛰어오르다	28
주저앉다	28
기각되다	28
건지다	28
조명하다	28
안타까워하다	28
참전하다	28
되살아나다	28
선고받다	28
정착하다	28
주의하다	28
완화되다	27
반문하다	27
삭감하다	27
밀집하다	27
완공하다	27
물려받다	27
좌우하다	27
실현되다	27
일관되다	27
환산하다	27
초대하다	27
전념하다	27
삭제되다	27
이야기	27
곤두서다	27
쓰이다	27
조심하다	27
예고되다	27
덧붙다	27
뻔하다	27
설계되다	27
풀려나다	27
저지하다	27
불리다	27
곱다	27
점거하다	27
입대하다	27
불분명하다	27
건설되다	27
도망치다	27
굽다	27
단정하다	27
출자하다	27
추격하다	27
장착되다	27
맛있다	27
미묘하다	26
억제하다	26
적당하다	26
가속화하다	26
조심스럽다	26
탑승하다	26
함유되다	26
개관하다	26
직결되다	26
부응하다	26
이탈하다	26
거머쥐다	26
사귀다	26
강제하다	26
접목하다	26
밀접하다	26
촉진하다	26
망하다	26
배정되다	26
허물다	26
변경되다	26
감지되다	26
유연하다	26
굵다	26
밀어내다	26
퇴직하다	26
검토되다	26
잘나가다	26
은폐하다	26
발탁하다	26
결제하다	26
고백하다	26
보급하다	25
치밀하다	25
다가서다	25
하소연하다	25
해체하다	25
악화시키다	25
인터뷰하다	25
근접하다	25
꽂히다	25
실감하다	25
회상하다	25
착용하다	25
종사하다	25
걸어오다	25
보답하다	25
단축하다	25
본격화되다	25
헤아리다	25
연관되다	25
분별하다	25
당황하다	25
합의되다	25
불확실하다	25
합작하다	25
신고되다	25
잠그다	25
신선하다	25
따라붙다	25
덮치다	25
걱정되다	25
입장하다	25
나돌다	25
강구하다	25
관통하다	25
후퇴하다	25
복원되다	25
원활하다	25
쪼개다	25
차분하다	25
마주하다	25
의심되다	25
착각하다	25
조용하다	25
마다하다	24
퇴임하다	24
연습하다	24
앉히다	24
식다	24
타격하다	24
봉쇄하다	24
질주하다	24
날아오다	24
씌우다	24
회고하다	24
입증되다	24
동결하다	24
몰아넣다	24
조이다	24
안기다	24
선발되다	24
부서지다	24
강타하다	24
명실상부하다	24
자처하다	24
거들다	24
건립하다	24
끌어오다	24
펼쳐지다	24
단호하다	24
부러뜨리다	24
발효되다	24
튼튼하다	24
침체되다	24
성사시키다	24
구상하다	24
급급하다	24
갈아타다	24
검색하다	24
청하다	24
굶다	24
치우치다	24
운전하다	24
일어서다	24
귀하다	24
협상하다	24
썩다	24
남짓하다	24
행진하다	24
가꾸다	24
캐다	24
종료되다	24
출범시키다	24
만족스럽다	24
내몰리다	24
순수하다	24
부결되다	24
제재하다	24
분주하다	24
반갑다	24
조정되다	24
표시되다	24
허가하다	24
눈여겨보다	24
끌리다	24
출제되다	24
만만찮다	24
혼란스럽다	24
건너오다	23
기피하다	23
끼얹다	23
참신하다	23
생존하다	23
해고하다	23
적립하다	23
뒤처지다	23
열람하다	23
보관되다	23
개방되다	23
임박하다	23
붐비다	23
면담하다	23
호투하다	23
폐기되다	23
발송하다	23
오염되다	23
합산하다	23
뿌듯하다	23
상영하다	23
잘살다	23
포장하다	23
운항하다	23
건립되다	23
예민하다	23
성숙하다	23
달구다	23
갑작스럽다	23
약화시키다	23
고전하다	23
이어받다	23
해고되다	23
경신하다	23
다듬다	23
죄송하다	23
운운하다	23
짐작하다	23
늙다	23
풀이하다	23
베끼다	23
비유하다	23
급속하다	23
항소하다	23
고사하다	23
사소하다	23
조직하다	23
개설되다	23
쾌적하다	23
변화시키다	23
검증되다	23
문의하다	23
도주하다	23
부수다	23
마음먹다	23
체크하다	23
넘어지다	23
전수하다	23
파기하다	23
단단하다	23
강렬하다	23
세련되다	23
잊히다	23
난무하다	23
곤혹스럽다	22
선별하다	22
만회하다	22
달려오다	22
표류하다	22
공모하다	22
불붙다	22
가공하다	22
격렬하다	22
맞아떨어지다	22
직행하다	22
각광받다	22
흥분하다	22
뺏기다	22
상응하다	22
상반되다	22
침범하다	22
장담하다	22
불안정하다	22
한몫하다	22
지출하다	22
처지다	22
교체되다	22
거느리다	22
탑재되다	22
기뻐하다	22
예측되다	22
섬세하다	22
확산하다	22
외롭다	22
헌신하다	22
처방하다	22
우울하다	22
쳐다보다	22
손상되다	22
명령하다	22
참여시키다	22
임용되다	22
탈피하다	22
넉넉하다	22
시끄럽다	22
두텁다	22
서식하다	22
미미하다	22
덥다	22
추리다	22
포괄하다	22
외우다	22
검거하다	22
섞이다	22
굴복	22
개조하다	22
따오다	22
견지하다	21
트이다	21
풍성하다	21
가로지르다	21
부풀다	21
나르다	21
압수하다	21
축적하다	21
확보되다	21
포진하다	21
돌려보내다	21
통제되다	21
똑똑하다	21
힘겹다	21
입점하다	21
벗기다	21
절약하다	21
해임하다	21
상관없다	21
피다	21
다물다	21
한정하다	21
날다	21
요동치다	21
어떠하다	21
할애하다	21
만료되다	21
기재하다	21
쓸다	21
생각나다	21
좇다	21
대치하다	21
양산하다	21
납치되다	21
임대하다	21
인지하다	21
중단시키다	21
간직하다	21
끈끈하다	21
진하다	21
재발하다	21
삼키다	21
인사하다	21
난감하다	21
베풀다	21
주시하다	21
딱딱하다	21
결정짓다	21
가파르다	21
침입하다	21
정당화하다	21
잔인하다	21
격하다	21
범하다	21
감지하다	21
이용되다	21
저장되다	21
상의하다	21
책정되다	21
영원하다	21
신고	21
심의하다	21
격돌하다	21
전송하다	21
자리하다	21
망라하다	21
귀가하다	21
고려되다	21
유효하다	21
웬만하다	21
석권하다	21
망설이다	21
성실하다	21
불타다	21
의지하다	21
사임하다	21
몰아붙이다	21
번복하다	20
색다르다	20
안심하다	20
열광하다	20
추궁하다	20
뚫리다	20
소리치다	20
입히다	20
선점하다	20
면제하다	20
얽매이다	20
패배하다	20
결집하다	20
갈아입다	20
총출동하다	20
알선하다	20
덜하다	20
도출하다	20
뛰어다니다	20
해지하다	20
불태우다	20
완파하다	20
개장하다	20
흘러들다	20
대결하다	20
구조하다	20
잠재우다	20
호응하다	20
현실화하다	20
적용받다	20
상정되다	20
들어주다	20
헤매다	20
이관하다	20
환수하다	20
소장하다	20
부각하다	20
평등하다	20
가로채다	20
맹활약하다	20
이룩하다	20
말씀하다	20
발언하다	20
유쾌하다	20
제조하다	20
토하다	20
보좌하다	20
배정하다	20
불과해	20
끌어안다	20
놔두다	20
굵직하다	20
폭락하다	20
버금가다	20
기억되다	20
묻어나다	20
따라오다	20
빌다	20
실망하다	20
디자인하다	20
고통스럽다	20
질문하다	20
악화하다	20
양호하다	20
알아내다	20
입건되다	20
불합리하다	20
몰아가다	20
내려지다	20
배상하다	20
능가하다	20
귀엽다	20
철거되다	20
합병하다	20
단축되다	19
타개하다	19
낙마하다	19
이수하다	19
분담하다	19
조르다	19
찌다	19
유래하다	19
계시다	19
몰려오다	19
발족하다	19
재편되다	19
인식되다	19
풍기다	19
교차하다	19
고갈되다	19
보충하다	19
무모하다	19
실험하다	19
완주하다	19
달리하다	19
보전하다	19
짜이다	19
끼어들다	19
달콤하다	19
급부상하다	19
굽히다	19
상하다	19
엉뚱하다	19
전파되다	19
보여주다(보여드리다)	19
기탁하다	19
맴돌다	19
입당하다	19
후회하다	19
추모하다	19
격화되다	19
대기하다	19
따라다니다	19
사죄하다	19
봉사하다	19
귀중하다	19
종용하다	19
통합되다	19
별세하다	19
감독하다	19
발주하다	19
완전하다	19
채용되다	19
해산하다	19
입각하다	19
뒤섞이다	19
스치다	19
작업하다	19
초청되다	19
수입되다	19
축적되다	19
무능하다	19
무릅쓰다	19
허락하다	19
가동되다	19
조장하다	19
보상하다	19
잘리다	19
유통되다	19
넘보다	19
방어하다	19
배제되다	19
경영하다	19
그립다	19
지명되다	19
아니냐	19
여행하다	19
가혹하다	19
빨다	19
소비하다	19
매섭다	19
상장되다	19
빗발치다	19
되묻다	19
보급되다	18
매진되다	18
과다	18
솟다	18
침투하다	18
걸어가다	18
질타하다	18
아깝다	18
먹고살다	18
오픈하다	18
산정하다	18
공표하다	18
준공되다	18
출제하다	18
악용하다	18
분산되다	18
간섭하다	18
뒤바꾸다	18
기억나다	18
야기하다	18
구형하다	18
취직하다	18
주창하다	18
유보하다	18
발간되다	18
중지하다	18
연장되다	18
불사하다	18
해킹하다	18
들려오다	18
간절하다	18
소지하다	18
위배되다	18
내몰다	18
개혁하다	18
진전되다	18
늦춰지다	18
볶다	18
출장하다	18
게재되다	18
집필하다	18
거침없다	18
이러다	18
심화하다	18
되새기다	18
가입되다	18
대비되다	18
진압하다	18
박탈하다	18
준하다	18
치유하다	18
반등하다	18
집다	18
발하다	18
묵인하다	18
방영하다	18
기반하다	18
유의하다	18
위협받다	18
존경하다	18
창단하다	18
등재되다	18
역력하다	18
작성되다	18
요약하다	18
승승장구하다	18
도망가다	18
일조하다	18
도맡다	18
표현되다	18
향상시키다	18
압축하다	18
동떨어지다	18
단장하다	18
조처하다	18
들뜨다	18
수리하다	18
발굴되다	18
열악하다	17
재해석하다	17
만끽하다	17
부럽다	17
국한되다	17
가중시키다	17
진료하다	17
개원하다	17
사고팔다	17
발돋움하다	17
가려내다	17
예견되다	17
정지되다	17
파손되다	17
둘러싸이다	17
송금하다	17
환하다	17
교류하다	17
내디디다	17
정밀하다	17
구축되다	17
입금하다	17
충족시키다	17
부착하다	17
급성장하다	17
하얗다	17
저버리다	17
탈퇴하다	17
강조되다	17
탓하다	17
저해하다	17
상장하다	17
희생하다	17
착륙하다	17
재검토하다	17
믿기다	17
뿌리치다	17
험난하다	17
약화되다	17
먹히다	17
벌어지다	17
회부하다	17
구금되다	17
위장하다	17
알려주	17
출품하다	17
확장되다	17
손보다	17
널리다	17
독립하다	17
공고하다	17
미세하다	17
틀어막다	17
추출하다	17
확립하다	17
물들다	17
보존되다	17
창조하다	17
마비되다	17
논하다	17
발령하다	17
제소하다	17
두둔하다	17
여의하다	17
촉발하다	17
빗나가다	17
해제되다	17
물려주다	17
내려앉다	17
자초하다	17
복무하다	17
허덕이다	17
기술하다	17
가중되다	17
맞닿다	17
개시하다	17
초월하다	17
서비스하다	17
퇴원하다	17
의아하다	17
묘하다	17
부패하다	17
표출하다	17
소환되다	17
산책하다	17
발사되다	17
인양하다	17
지지부진하다	17
일깨우다	17
평화롭다	17
매진하다	17
늘어서다	17
뜯어내다	17
혹독하다	17
구조되다	17
관측되다	17
주입하다	17
이바지하다	17
이사하다	17
현명하다	17
탐지하다	17
불응하다	17
수거하다	17
비행하다	17
이적하다	17
내로라하다	17
추월하다	17
비례하다	17
상기시키다	17
증정하다	17
유출하다	17
유례없다	16
이름나다	16
스며들다	16
호전되다	16
발휘되다	16
점하다	16
건전하다	16
둥글다	16
도발하다	16
발행되다	16
보살피다	16
방북하다	16
뒷받침되다	16
우아하다	16
연재하다	16
붕괴되다	16
추스르다	16
반짝이다	16
겨누다	16
총동원하다	16
밉다	16
조치하다	16
무색하다	16
낭비하다	16
작곡하다	16
연동하다	16
석방하다	16
매수하다	16
재편하다	16
유인하다	16
감돌다	16
엿보이다	16
역행하다	16
위태롭다	16
가시화되다	16
자아내다	16
폐쇄되다	16
잠기다	16
주저하다	16
친숙하다	16
변질되다	16
곱씹다	16
조회하다	16
수술하다	16
짊어지다	16
쫓아오다	16
건너뛰다	16
평가	16
보이콧하다	16
애매하다	16
가결되다	16
춤추다	16
달라붙다	16
적정하다	16
결합되다	16
값비싸다	16
낙관하다	16
응용하다	16
들이대다	16
검거되다	16
승복하다	16
대표되다	16
지탱하다	16
좌절하다	16
헤치다	16
낭독하다	16
찬란하다	16
발의되다	16
발부하다	16
타고나다	16
낙찰되다	16
타결되다	16
착안하다	16
섭외하다	16
제어하다	16
비교되다	16
말씀드리다	16
탐구하다	16
대항하다	16
뺏다	16
공조하다	16
응모하다	16
자신하다	16
중계	16
밀려들다	16
철폐하다	16
흐리다	16
재연되다	16
흔들리다	16
복구하다	16
영업하다	15
불복하다	15
내뿜다	15
군림하다	15
건네받다	15
증폭되다	15
불러들이다	15
막막하다	15
급박하다	15
새우다	15
값지다	15
엄정하다	15
징계하다	15
적시하다	15
긴급하다	15
기초하다	15
수확하다	15
암시하다	15
각오하다	15
타진하다	15
피력하다	15
공식화하다	15
매립하다	15
지피다	15
누적되다	15
지칭하다	15
상환하다	15
리모델링하다	15
주차하다	15
유포하다	15
우대하다	15
들썩이다	15
구체화되다	15
재임하다	15
발령되다	15
원만하다	15
몰아내다	15
자부하다	15
뼈아프다	15
빼어나다	15
재배하다	15
연설하다	15
집중시키다	15
담담하다	15
자라나다	15
창당하다	15
거칠다	15
근절하다	15
씹다	15
차단되다	15
서슴다	15
친절하다	15
동등하다	15
허름하다	15
대출하다	15
왕성하다	15
매도하다	15
따라잡다	15
삭감되다	15
맞먹다	15
달려들다	15
상주하다	15
읊다	15
묵직하다	15
돋우다	15
막론하다	15
씁쓸하다	15
만연하다	15
대접하다	15
융합하다	15
설레다	15
장려하다	15
얻어맞다	15
당혹스럽다	15
웅장하다	15
신기하다	15
반환하다	15
견고하다	15
금하다	15
칠하다	15
부유하다	15
협업하다	15
껴안다	15
잠자다	15
시청하다	15
북적이다	15
깎이다	15
편입하다	15
되풀이되다	15
옅다	15
악수하다	15
잦아지다	15
기하다	15
현실화되다	15
대피하다	15
착잡하다	15
전전하다	15
수출되다	15
구별하다	15
산적하다	15
통폐합하다	15
유혹하다	14
다독이다	14
서술하다	14
못박	14
가다듬다	14
내던지다	14
준공하다	14
매몰되다	14
전제하다	14
이주하다	14
다잡다	14
특수하다	14
뒤엉키다	14
위법하다	14
강인하다	14
입성하다	14
제보하다	14
승부하다	14
성추행하다	14
고급스럽다	14
인쇄하다	14
편향되다	14
노련하다	14
분양되다	14
의논하다	14
인수되다	14
팽배하다	14
뜸하다	14
노출하다	14
자청하다	14
흥겹다	14
승소하다	14
짧아지다	14
고립되다	14
창설하다	14
검사하다	14
이송되다	14
장기화하다	14
불공정하다	14
운행되다	14
관계없다	14
오래다	14
환호하다	14
부양하다	14
등극하다	14
찾아다니다	14
급변하다	14
값싸다	14
심심하다	14
내쫓다	14
계승하다	14
걷히다	14
울부짖다	14
억누르다	14
둔화되다	14
생소하다	14
타당하다	14
편집하다	14
의도하다	14
치켜세우다	14
어수선하다	14
꿰차다	14
우려스럽다	14
인하하다	14
벼르다	14
형상화하다	14
자행하다	14
튀어나오다	14
헷갈리다	14
마감되다	14
과장되다	14
휘둘리다	14
수긍하다	14
상담하다	14
제대하다	14
힘없다	14
심상하다	14
덩달다	14
발동하다	14
결렬되다	14
첨예하다	14
인용되다	14
방류하다	14
석연하다	14
꽃피우다	14
취합하다	14
당면하다	14
모방하다	14
참패하다	14
초래되다	14
암울하다	14
자문하다	14
격상하다	14
비상하다	14
납치하다	14
벅차다	14
노려보다	14
열띠다	14
수록되다	14
도려내다	14
지루하다	14
기발하다	14
흡수되다	14
앞지르다	14
정박하다	14
사찰하다	14
처리다	14
평온하다	14
끊임없다	14
낙후되다	14
안주하다	14
오해하다	14
풍요롭다	14
올라타다	14
수용되다	14
체류하다	13
즐비하다	13
동반하다	13
비비다	13
배달하다	13
연달다	13
산출하다	13
붙들다	13
세세하다	13
과장하다	13
뜨거워지다	13
앞서가다	13
채다	13
만족시키다	13
개의하다	13
잘생기다	13
긁다	13
진전시키다	13
배석하다	13
가결하다	13
당당하다	13
젓다	13
멀쩡하다	13
몰려가다	13
귀결되다	13
퇴근하다	13
알아주다	13
항변하다	13
용서하다	13
조작되다	13
빚어내다	13
좌지우지하다	13
송치하다	13
치료받다	13
폭등하다	13
드리우다	13
악용되다	13
결성되다	13
고용되다	13
출산하다	13
타결하다	13
관철하다	13
승선하다	13
청산하다	13
정지하다	13
뛰쳐나오다	13
뒤덮다	13
방출되다	13
망명하다	13
경유하다	13
정상화하다	13
유포되다	13
통감하다	13
차별화하다	13
적시다	13
뿜다	13
굶주리다	13
맞바꾸다	13
생각되다	13
대조하다	13
몰입하다	13
연연하다	13
상고하다	13
소홀하다	13
수록하다	13
대파하다	13
무고하다	13
손질하다	13
득표하다	13
표출되다	13
붕괴하다	13
뛰어내리다	13
새겨지다	13
다스리다	13
열중하다	13
딸리다	13
실수하다	13
응징하다	13
동조하다	13
경청하다	13
사양하다	13
충원하다	13
통치하다	13
퇴출되다	13
초라하다	13
좌절되다	13
뒤덮이다	13
오래가다	13
도래하다	13
주둔하다	13
감탄하다	13
손대다	13
적법하다	13
흐트러지다	13
조종하다	13
저리다	13
막연하다	13
매료되다	13
거절당하다	13
정통하다	13
중계하다	13
얼다	13
기이하다	13
낙점하다	13
내쉬다	13
진솔하다	13
선행되다	13
연행하다	13
상경하다	13
휘어지다	13
힘들어지다	13
살해되다	13
되돌아보다	13
무덥다	13
더듬다	13
고정되다	13
사살하다	13
연행되다	13
선하다	13
남용하다	12
상륙하다	12
불쾌하다	12
다다르다	12
울먹이다	12
버겁다	12
휴대하다	12
배출되다	12
수립되다	12
죽이다	12
간편하다	12
주요하다	12
수월하다	12
선동하다	12
기재되다	12
누락되다	12
타협하다	12
유능하다	12
수두룩하다	12
단순화하다	12
줄짓다	12
훑다	12
백지화하다	12
자평하다	12
이송하다	12
안치되다	12
소소하다	12
삽입하다	12
환전하다	12
더럽다	12
긴박하다	12
선회하다	12
발병하다	12
흐지부지되다	12
느슨하다	12
발맞추다	12
거창하다	12
흘러내리다	12
석방되다	12
간주되다	12
알아채다	12
안착하다	12
낮추다	12
깎아내리다	12
받아치다	12
출루하다	12
위임하다	12
능하다	12
접목시키다	12
숙이다	12
통틀다	12
뒤집어쓰다	12
흡사하다	12
민망하다	12
복구되다	12
폭증하다	12
완만하다	12
정립하다	12
역전패하다	12
무의미하다	12
냉정하다	12
재가동하다	12
계산되다	12
폭주하다	12
사직하다	12
유예하다	12
현금화하다	12
무자비하다	12
받치다	12
늘어놓다	12
깨어나다	12
충고하다	12
작고하다	12
휘젓다	12
요란하다	12
억류되다	12
변화되다	12
굳어지다	12
정의하다	12
시연하다	12
구현되다	12
장기화되다	12
가장하다	12
노랗다	12
과중하다	12
발각되다	12
매각되다	12
주선하다	12
증여하다	12
파랗다	12
내버리다	12
내보이다	12
고정하다	12
우회하다	12
틀어지다	12
눈감다	12
조급하다	12
전무하다	12
촉발되다	12
잠잠하다	12
가속화되다	12
패소하다	12
비웃다	12
집행되다	12
머금다	12
복제하다	12
디디다	12
유명무실하다	12
운용되다	12
이해되다	12
불러내다	12
현란하다	12
들끓다	12
공지하다	12
영입되다	12
참혹하다	12
퇴장하다	12
수임하다	12
청탁하다	12
대우하다	12
조사	12
구출하다	12
지연시키다	12
들이닥치다	12
의결되다	12
전파하다	12
더불다	12
내두르다	12
제휴하다	12
장만하다	12
휘다	12
규명되다	12
권장하다	12
연출되다	12
클릭하다	12
학습하다	12
화끈하다	12
만류하다	12
단언하다	12
분해하다	12
계획되다	12
거둬들이다	12
예정하다	12
용이하다	11
비치하다	11
접견하다	11
바닥나다	11
입상하다	11
편성되다	11
붉히다	11
꼬다	11
제청하다	11
설치다	11
실점	11
공평하다	11
녹아들다	11
기다	11
꾸짖다	11
맞받다	11
배당하다	11
불미스럽다	11
명명하다	11
밀려오다	11
예약하다	11
해묵다	11
가시화하다	11
낙선하다	11
엎드리다	11
독하다	11
고발되다	11
겹쳐지다	11
대두되다	11
물색하다	11
혁신하다	11
명문화하다	11
알아듣다	11
꼼꼼하다	11
섬뜩하다	11
확실시되다	11
경쾌하다	11
묘사되다	11
개교하다	11
단절되다	11
또렷하다	11
경직되다	11
무산시키다	11
주시	11
혐오하다	11
푸다	11
담보하다	11
시험하다	11
면제되다	11
회복시키다	11
고안하다	11
무난하다	11
비꼬다	11
어필하다	11
폭로되다	11
전사하다	11
내리치다	11
써내다	11
견인하다	11
기용되다	11
감면하다	11
친밀하다	11
감내하다	11
들이받다	11
증가시키다	11
담백하다	11
나아지다	11
공통되다	11
운동하다	11
납북되다	11
내뱉다	11
몰아세우다	11
함유하다	11
압축되다	11
의심스럽다	11
보듬다	11
유임되다	11
체결되다	11
낭송하다	11
배분하다	11
안정시키다	11
못나다	11
술렁이다	11
변형되다	11
짜릿하다	11
에워싸다	11
승격하다	11
발매되다	11
생략하다	11
돌변하다	11
베다	11
박탈당하다	11
긴장되다	11
희미하다	11
조화롭다	11
틈타다	11
차별하다	11
순진하다	11
비판받다	11
굴복하다	11
증명되다	11
회전하다	11
따갑다	11
조정	11
진두지휘하다	11
경악하다	11
갈망하다	11
섬기다	11
맹비난하다	11
퇴출하다	11
조그맣다	11
오인하다	11
수료하다	11
피곤하다	11
호흡하다	11
싸늘하다	11
선방하다	11
껄끄럽다	11
정착되다	11
끄덕이다	11
괴로워하다	11
무성하다	11
위조하다	11
내정하다	11
성립하다	11
녹록하다	11
험하다	11
고시하다	11
뱉다	11
한산하다	11
겸비하다	11
익다	11
촬영되다	11
충전하다	11
깃들다	11
문제되다	11
복역하다	11
이식하다	11
독차지하다	11
출소하다	10
소진되다	10
들어차다	10
공천하다	10
멎다	10
이관되다	10
끝내다	10
집약되다	10
공인하다	10
위축시키다	10
뜯어보다	10
질리다	10
건재하다	10
참담하다	10
등단하다	10
떠밀리다	10
관철되다	10
들이밀다	10
짜내다	10
화기애애하다	10
결론짓다	10
미끄러지다	10
뾰족하다	10
휘청거리다	10
할인되다	10
조업하다	10
전역하다	10
부채질하다	10
맞닥뜨리다	10
운영	10
불어오다	10
위탁하다	10
부여되다	10
저물다	10
키우다	10
절친하다	10
불충분하다	10
처벌받다	10
얼룩지다	10
도드라지다	10
난립하다	10
청구되다	10
전이되다	10
협연하다	10
쟁취하다	10
내려다보이다	10
날아들다	10
특화되다	10
요리하다	10
일단락되다	10
정직하다	10
은밀하다	10
쟁쟁하다	10
온화하다	10
끌어내리다	10
염려하다	10
합세하다	10
재밌다	10
시커멓다	10
뒤잇다	10
충족되다	10
뻗치다	10
방불하다	10
삼가다	10
명기하다	10
발발하다	10
잘나다	10
주효하다	10
정복하다	10
발전되다	10
떠나가다	10
공들이다	10
곤두박질치다	10
유학하다	10
되돌아가다	10
타오르다	10
독식하다	10
풍자하다	10
제지하다	10
재계약하다	10
불신하다	10
세심하다	10
회담하다	10
정체되다	10
진동하다	10
옥죄다	10
아찔하다	10
제패하다	10
치열하다.	10
빈번하다	10
가져다주다	10
창설되다	10
종료하다	10
좌우되다	10
버무리다	10
잔혹하다	10
여리다	10
가출하다	10
설정되다	10
대리하다	10
몰락하다	10
터득하다	10
접종하다	10
비준하다	10
수습되다	10
내장하다	10
어루만지다	10
피어오르다	10
탈환하다	10
대담하다	10
경질되다	10
졸이다	10
걱정스럽다	10
경기하다	10
돌이키다	10
재현되다	10
잠입하다	10
야하다	10
저울질하다	10
버림받다	10
병들다	10
눌리다	10
즐거워하다	10
우선하다	10
망가뜨리다	10
세밀하다	10
잡아당기다	10
염원하다	10
업그레이드하다	10
경색되다	10
번역되다	10
합당하다	10
기름지다	10
소멸하다	10
튕기다	10
위반되다	9
통일하다	9
정산하다	9
울창하다	9
귀화하다	9
조직되다	9
누설하다	9
성찰하다	9
출입하다	9
온전하다	9
진실하다	9
이롭다	9
판명되다	9
퇴진하다	9
화합하다	9
추천되다	9
유실되다	9
출력하다	9
분할하다	9
알려오	9
개편되다	9
체감하다	9
우기다	9
조롱하다	9
도피하다	9
비호하다	9
요절하다	9
붙이다	9
조립하다	9
확인시키다	9
수정되다	9
짤막하다	9
존속하다	9
그을리다	9
투신하다	9
불가하다	9
글썽이다	9
편승하다	9
푸짐하다	9
출항하다	9
본받다	9
터무니없다	9
성급하다	9
떠들썩하다	9
움켜쥐다	9
일그러지다	9
귀환하다	9
철없다	9
격리하다	9
까먹다	9
재구성하다	9
침공하다	9
방조하다	9
시정하다	9
의미심장하다	9
쥐어짜다	9
비축하다	9
갱신하다	9
꿰다	9
푸념하다	9
상큼하다	9
뿌리내리다	9
경시하다	9
전제되다	9
받들다	9
집대성하다	9
내한하다	9
꿰뚫다	9
관찰되다	9
에두르다	9
자욱하다	9
누그러뜨리다	9
해체되다	9
오락가락하다	9
뜯어고치다	9
자그마하다	9
이다	9
원망하다	9
상세하다	9
대입하다	9
구제하다	9
행하다	9
압승하다	9
사육하다	9
치부하다	9
공론화하다	9
미달하다	9
교묘하다	9
유념하다	9
그리워하다	9
반전하다	9
독립되다	9
공제하다	9
수수하다	9
한결같다	9
환원하다	9
취항하다	9
걷어차다	9
즉위하다	9
풀어놓다	9
동결되다	9
격분하다	9
한탄하다	9
가시다	9
역전되다	9
빼곡하다	9
투자되다	9
후하다	9
세분화하다	9
숨죽이다	9
궂다	9
충만하다	9
복직하다	9
입양하다	9
가로막히다	9
뒤엎다	9
신들리다	9
미숙하다	9
찔리다	9
틀림없다	9
속삭이다	9
쓰다듬다	9
입금되다	9
다급하다	9
생성되다	9
놀리다	9
이끌리다	9
임신하다	9
제도화하다	9
다그치다	9
완수하다	9
알맞다	9
뒤늦다	9
보조하다	9
방관하다	9
부러워하다	9
단행되다	9
시찰하다	9
헐다	9
뒤틀다	9
식사하다	9
고소되다	9
보장받다	9
재다	9
순회하다	9
온건하다	9
엇비슷하다	9
다양화하다	9
교육받다	9
인출하다	9
사살되다	9
차용하다	9
출격하다	9
관장하다	9
쇄도하다	9
그릇되다	9
동거하다	9
피신하다	9
증설하다	9
회부되다	9
애도하다	9
호도하다	9
맺히다	9
내장되다	9
두들기다	9
출전시키다	9
과격하다	9
기권하다	9
힘차다	9
기고하다	9
최적화되다	9
줄이다	9
파이다	9
본뜨다	9
잠적하다	9
주무르다	9
따스하다	9
허다하다	9
파산하다	9
기약하다	9
절제되다	9
괜하다	9
비방하다	9
어지럽다	9
참관하다	9
조문하다	9
공포하다	9
파면하다	9
뚱뚱하다	9
살포하다	9
제거되다	9
동석하다	9
예사롭다	9
캐묻다	9
당첨되다	9
초조하다	9
굳건하다	9
처참하다	9
출퇴근하다	9
아랑곳하다	9
수그러들다	9
허물어지다	9
구기다	9
어리석다	9
감동하다	9
업그레이드되다	8
응수하다	8
추대되다	8
소멸되다	8
정비되다	8
평탄하다	8
태우다	8
서툴다	8
고단하다	8
매끄럽다	8
우왕좌왕하다	8
못마땅하다	8
매듭짓다	8
판치다	8
부도나다	8
공시되다	8
패러디하다	8
몰아닥치다	8
출품되다	8
집결하다	8
자백하다	8
제명하다	8
척결하다	8
굴리다	8
정착시키다	8
번창하다	8
변모하다	8
폭발시키다	8
전가하다	8
작심하다	8
거명하다	8
결연하다	8
쪼개지다	8
오만하다	8
초빙하다	8
재단하다	8
제출받다	8
북상하다	8
턱걸이하다	8
메모하다	8
보류되다	8
정상화되다	8
쪼그라들다	8
배달되다	8
교정하다	8
분포하다	8
도둑맞다	8
모금하다	8
반출되다	8
캐스팅되다	8
엄벌하다	8
종결하다	8
인쇄되다	8
녹슬다	8
진정시키다	8
성나다	8
출토되다	8
겸직하다	8
상용화되다	8
확립되다	8
철수시키다	8
완패하다	8
포장되다	8
욕하다	8
빈발하다	8
성취하다	8
퇴색하다	8
더럽히다	8
조리하다	8
삶다	8
사냥하다	8
섣부르다	8
영세하다	8
감금하다	8
들키다	8
들먹이다	8
고이다	8
취급되다	8
유발되다	8
덧칠하다	8
밀치다	8
희석하다	8
공허하다	8
면밀하다	8
벗겨지다	8
유린하다	8
재고하다	8
유익하다	8
무르익다	8
참작하다	8
창립하다	8
관대하다	8
극찬하다	8
부정확하다	8
재생하다	8
천착하다	8
개막되다	8
누락하다	8
관철시키다	8
증액하다	8
열거하다	8
재미없다	8
고유하다	8
기인하다	8
비키다	8
험악하다	8
반사되다	8
덮이다	8
접대하다	8
환불하다	8
되짚다	8
신축하다	8
컴백하다	8
진정되다	8
적나라하다	8
미워하다	8
해임되다	8
미달되다	8
청약하다	8
보고받다	8
모니터링하다	8
통지하다	8
머지않다	8
작아지다	8
전가되다	8
노출시키다	8
박차다	8
몰수하다	8
걸쭉하다	8
투박하다	8
이동시키다	8
예매하다	8
수송하다	8
싹쓸이하다	8
낚다	8
출렁이다	8
완강하다	8
앗다	8
극명하다	8
정차하다	8
소문나다	8
지독하다	8
시상하다	8
입소하다	8
요원하다	8
봉착하다	8
호가하다	8
꿈틀대다	8
훑어보다	8
기획되다	8
분산하다	8
준용하다	8
상납하다	8
등교하다	8
송환하다	8
화나다	8
어마어마하다	8
심판하다	8
단결하다	8
사그라지다	8
미비하다	8
중재하다	8
계류되다	8
저촉되다	8
누그러지다	8
명심하다	8
아냐	8
수락하다	8
발랄하다	8
고조시키다	8
관리	8
썰다	8
뻐근하다	8
씨름하다	8
정정하다	8
투영하다	8
망각하다	8
흥행하다	8
납입하다	8
호쾌하다	8
잡아먹다	8
선포되다	8
사면하다	8
무궁무진하다	8
과열되다	8
복사하다	8
등지다	8
창피하다	8
임차하다	8
추진	8
스윙하다	8
순탄하다	8
전전긍긍하다	8
수놓다	8
의기투합하다	8
딱하다	8
개국하다	8
청취하다	8
밋밋하다	8
솔선수범하다	8
목마르다	8
회자되다	8
떠들다	8
별나다	8
물리다	8
건장하다	8
쫓아내다	8
통보받다	8
허탈하다	8
당황스럽다	8
순례하다	8
무력화하다	8
표절하다	8
실망스럽다	8
임관하다	8
짓밟다	8
간행되다	8
소집되다	8
잦아들다	8
절망하다	8
내포하다	8
비대하다	8
치밀다	8
포위하다	8
운송하다	8
훈련시키다	8
뒤떨어지다	8
편중되다	8
사그라들다	8
혼합하다	8
가미하다	8
탄생시키다	8
희한하다	8
강요되다	8
내치다	8
부착되다	7
고달프다	7
깊숙하다	7
취하하다	7
답사하다	7
결단하다	7
밀어주다	7
정의롭다	7
첨가하다	7
판매	7
만지작거리다	7
들어맞다	7
출원하다	7
무한하다	7
빡빡하다	7
어설프다	7
지양하다	7
내달리다	7
화장하다	7
연발하다	7
표준화되다	7
부역하다	7
왕복하다	7
팍팍하다	7
고되다	7
나무라다	7
통용되다	7
유감스럽다	7
백지화되다	7
청소하다	7
친근하다	7
변화무쌍하다	7
구가하다	7
재기하다	7
동나다	7
무기력하다	7
비겁하다	7
브리핑하다	7
자축하다	7
혼동하다	7
절하하다	7
국한하다	7
잔잔하다	7
인가하다	7
상쾌하다	7
복귀시키다	7
질의하다	7
떨구다	7
들여놓다	7
구성	7
타계하다	7
양산되다	7
산뜻하다	7
떠밀다	7
개입되다	7
손상시키다	7
공연되다	7
등장시키다	7
전송되다	7
역전승하다	7
비화되다	7
밀폐되다	7
엄선하다	7
추측하다	7
연상되다	7
투철하다	7
연결시키다	7
열렬하다	7
자퇴하다	7
탐색하다	7
영위하다	7
예보하다	7
틀어쥐다	7
허약하다	7
위촉되다	7
고립시키다	7
전향하다	7
서글프다	7
흐느끼다	7
끝없다	7
둔화하다	7
배척하다	7
희생시키다	7
속상하다	7
가피하다	7
돌진하다	7
설익다	7
저축하다	7
확연하다	7
투약하다	7
정돈되다	7
치졸하다	7
돈독하다	7
수강하다	7
도출되다	7
관계되다	7
들이다	7
압류하다	7
속이다	7
수치스럽다	7
묵살하다	7
두툼하다	7
나약하다	7
장구하다	7
서리다	7
특화하다	7
발효하다	7
스마트하다	7
발매하다	7
명명되다	7
끼이다	7
양분하다	7
서럽다	7
구분되다	7
해롭다	7
외출하다	7
서거하다	7
썰렁하다	7
탈루하다	7
질식하다	7
간파하다	7
몰려나오다	7
격화하다	7
실직하다	7
초치하다	7
한적하다	7
늘어지다	7
용감하다	7
몰라보다	7
출두하다	7
안이하다	7
어처구니없다	7
우롱하다	7
추종하다	7
재활용하다	7
자수성가하다	7
육중하다	7
발끈하다	7
소명하다	7
혼잡하다	7
무효화하다	7
공헌하다	7
생중계되다	7
뛰어놀다	7
발부되다	7
토의하다	7
함구하다	7
급상승하다	7
실행되다	7
수령하다	7
가만있다	7
교감하다	7
쑥스럽다	7
뜻깊다	7
통보되다	7
감사드리다	7
쓸쓸하다	7
월등하다	7
예감하다	7
습득하다	7
추방되다	7
추방하다	7
빈곤하다	7
미약하다	7
씻기다	7
사인하다	7
약진하다	7
질책하다	7
설문조사하다	7
취소	7
집요하다	7
거부당하다	7
때우다	7
진격하다	7
서성이다	7
지각하다	7
감찰하다	7
불편할	7
조사받다	7
성행하다	7
덧대다	7
상충되다	7
걷어붙이다	7
뺨치다	7
쏠쏠하다	7
모의하다	7
개발	7
게시하다	7
찌푸리다	7
내딛다	7
심리하다	7
빨아들이다	7
들추다	7
분분하다	7
결별하다	7
간과하다	7
소용없다	7
재회하다	7
재조명하다	7
변변하다	7
냉랭하다	7
다변화하다	7
거듭된	7
떠받치다	7
경미하다	7
시리다	7
무력화되다	7
안장되다	7
사리다	7
요약되다	7
얽히고설키다	7
짓누르다	7
떼내다	7
차려입다	7
뒤쫓다	7
환기시키다	7
삼엄하다	7
노후하다	7
게시되다	7
유해하다	7
상회하다	7
한심하다	7
누출되다	7
외면받다	7
엄숙하다	7
일치되다	7
추천받다	7
복당하다	7
틔우다	7
향유하다	7
도사리다	7
무사하다	7
비유되다	7
미행하다	7
개량하다	7
쇄신하다	7
곱하다	7
능숙하다	7
설파하다	7
휴업하다	7
목욕하다	7
상쇄하다	7
회동하다	7
모순되다	7
구수하다	7
첨부하다	7
참조하다	7
벤치마킹하다	7
흘려보내다	7
귀순하다	7
해방되다	7
예치하다	7
일탈하다	7
반격하다	7
중첩되다	7
남발하다	7
감원하다	7
정제하다	7
헤엄치다	7
거들떠보다	7
서운하다	7
희귀하다	7
난사하다	7
다각화하다	7
되팔다	7
난폭하다	7
자립하다	7
컨트롤하다	7
써먹다	7
미화하다	7
장사하다	7
폭격하다	7
잊어버리다	7
착공되다	7
허우적거리다	7
발의	7
쏘이다	7
고프다	7
쇠락하다	7
조준하다	7
과세하다	7
섹시하다	7
도난당하다	7
집전하다	6
선종하다	6
통일되다	6
적립되다	6
진단받다	6
비장하다	6
쇠퇴하다	6
게을리하다	6
귀찮다	6
연상시키다	6
깐깐하다	6
변함없다	6
다정하다	6
갈등하다	6
정지시키다	6
상기되다	6
상존하다	6
가렵다	6
겸손하다	6
편협하다	6
싸매다	6
모욕하다	6
처벌되다	6
강연하다	6
건네주다	6
회유하다	6
중하다	6
들락거리다	6
끓어오르다	6
큰소리치다	6
굵직굵직하다	6
예리하다	6
영리하다	6
지새우다	6
배송하다	6
일갈하다	6
먹혀들다	6
법제화하다	6
찬양하다	6
절묘하다	6
망라되다	6
두절되다	6
연마하다	6
이륙하다	6
초연하다	6
처절하다	6
내오다	6
맞받아치다	6
무례하다	6
포섭되다	6
제고하다	6
지체되다	6
시들하다	6
불만스럽다	6
전염되다	6
맞대응하다	6
흐려지다	6
추징하다	6
퇴사하다	6
긍정하다	6
관리되다	6
떳떳하다	6
무관심하다	6
개진하다	6
승계하다	6
젖히다	6
도용하다	6
봉합하다	6
입력되다	6
무심하다	6
분출하다	6
거부되다	6
섭렵하다	6
약탈하다	6
정상화시키다	6
촉진시키다	6
단련되다	6
거듭한	6
독실하다	6
대행하다	6
진단되다	6
빈약하다	6
수호하다	6
입항하다	6
비좁다	6
격리되다	6
얻어먹다	6
끌려오다	6
연계시키다	6
사별하다	6
졸다	6
능통하다	6
연체하다	6
떨리다	6
보상받다	6
결제되다	6
연재되다	6
굴러가다	6
힘세다	6
소실되다	6
교부하다	6
체포	6
낙하하다	6
홀가분하다	6
준설하다	6
초연되다	6
절충하다	6
미덥다	6
간결하다	6
단아하다	6
야기되다	6
배치	6
되뇌다	6
숙박하다	6
고무되다	6
오리다	6
먹이다	6
외다	6
산화되다	6
실명하다	6
막아서다	6
연임하다	6
파다하다	6
양분되다	6
인하되다	6
소심하다	6
구부리다	6
적중하다	6
캐내다	6
낭비되다	6
강요받다	6
탈락시키다	6
둔갑하다	6
당차다	6
홀리다	6
얕다	6
역전하다	6
투명	6
북돋우다	6
갈라서다	6
승인되다	6
설욕하다	6
현존하다	6
날아오르다	6
부여받다	6
저명하다	6
분배하다	6
숭고하다	6
변형하다	6
피어나다	6
까다	6
억제되다	6
재점검하다	6
타락하다	6
순방하다	6
모면하다	6
확충되다	6
치켜들다	6
어정쩡하다	6
처형되다	6
물들이다	6
뒤로하다	6
놓아두다	6
후려치다	6
집어삼키다	6
조각하다	6
탄핵하다	6
투여하다	6
추억하다	6
입안하다	6
후진하다	6
어이없다	6
꾀다	6
깨물다	6
대물림하다	6
직시하다	6
분열하다	6
소비되다	6
중시되다	6
사랑스럽다	6
실토하다	6
측정되다	6
침해되다	6
감미롭다	6
부심하다	6
발달되다	6
부어오르다	6
정진하다	6
격상되다	6
중지되다	6
소망하다	6
짓궂다	6
인양되다	6
배포되다	6
추방당하다	6
답습하다	6
불어닥치다	6
재건하다	6
고하다	6
때려내다	6
담대하다	6
복권되다	6
은은하다	6
삐걱거리다	6
발송되다	6
짭짤하다	6
절절하다	6
지나오다	6
깨치다	6
빠듯하다	6
조합하다	6
자생하다	6
자임하다	6
불문하다	6
문책하다	6
양해하다	6
떼이다	6
수렴되다	6
달리했다	6
꿰매다	6
억눌리다	6
손쉽다	6
대수롭다	6
현혹하다	6
재청구하다	6
일원화하다	6
개시되다	6
진루하다	6
권장되다	6
그지없다	6
운반하다	6
탄압하다	6
까맣다	6
길들다	6
강등되다	6
읊조리다	6
은근하다	6
미진하다	6
마지못하다	6
볼썽사납다	6
슬퍼하다	6
파내다	6
심화시키다	6
아득하다	6
화사하다	6
협소하다	6
투숙하다	6
반색하다	6
혼탁하다	6
그만하다	6
처단하다	6
아슬아슬하다	6
함께한다	6
계상하다	6
비틀다	6
순찰하다	6
직감하다	6
어림잡다	6
대동하다	6
제언하다	6
회귀하다	6
금기시하다	6
쓸데없다	6
풋풋하다	6
칭송하다	6
혼나다	6
발뺌하다	6
단련하다	6
비슷비슷하다	6
평평하다	6
얘기하다	6
멸종하다	6
조아리다	6
인멸하다	6
가열되다	6
일원화되다	6
눈멀다	6
투신자살하다	6
좁히다	6
분산시키다	6
순항하다	6
융합되다	6
고군분투하다	6
선곡하다	6
섭섭하다	6
떠내려가다	6
관측하다	6
힘주다	6
재발되다	6
이체하다	6
대체되다	6
차출되다	6
엄하다	6
아낌없다	6
걸출하다	6
날렵하다	6
주름잡다	6
개명하다	6
위촉하다	6
인도되다	6
불쌍하다	6
맺어지다	6
녹음되다	6
사악하다	6
로맨틱하다	6
균등하다	6
걷잡다	6
알차다	6
분전하다	6
각색하다	6
상생하다	6
서늘하다	6
유착하다	6
창립되다	6
뭉개다	6
점유하다	6
내키다	6
방만하다	6
내려다보다	6
악하다	6
학살하다	6
짓눌리다	6
번식하다	6
신뢰받다	6
만취하다	6
호평하다	6
침수되다	6
스카우트하다	6
합성하다	6
방출하다	6
느끼하다	6
기웃거리다	6
찜하다	6
비치되다	5
구속	5
유래되다	5
조명되다	5
댕기다	5
소장되다	5
불평등하다	5
배반하다	5
인도하다	5
수려하다	5
회항하다	5
없애다	5
가늘다	5
촉박하다	5
수수방관하다	5
옮겨가	5
눈물겹다	5
반감되다	5
전달받다	5
형편없다	5
출판되다	5
첨부되다	5
소각하다	5
좌초되다	5
흥미진진하다	5
통쾌하다	5
기울이다	5
냉각되다	5
막다르다	5
갉아먹다	5
고대하다	5
유창하다	5
순환하다	5
종식시키다	5
뒤숭숭하다	5
징수하다	5
식별하다	5
독대하다	5
방황하다	5
할당하다	5
막중하다	5
지겹다	5
마비시키다	5
응대하다	5
조망하다	5
의결	5
독주하다	5
시도되다	5
명문화되다	5
아늑하다	5
고요하다	5
거짓말하다	5
절개하다	5
자행되다	5
반출하다	5
키스하다	5
합창하다	5
철회되다	5
송구하다	5
등용되다	5
멸망하다	5
논평하다	5
귀국시키다	5
도청하다	5
대출받다	5
우스꽝스럽다	5
억압하다	5
급파하다	5
격추하다	5
검토	5
낙점되다	5
들이마시다	5
중요	5
퇴치하다	5
아담하다	5
깜깜하다	5
성숙되다	5
피나다	5
중퇴하다	5
상징되다	5
보호받다	5
은닉하다	5
재수사하다	5
추행하다	5
무시되다	5
압류되다	5
연주되다	5
비우다	5
붙들리다	5
무디다	5
중용되다	5
오판하다	5
인색하다	5
애원하다	5
인증하다	5
시집가다	5
생성하다	5
밑지다	5
폄하하다	5
박탈되다	5
신랄하다	5
동반되다	5
전도되다	5
규합하다	5
옮아가다	5
쓸어내리다	5
번듯하다	5
불사르다	5
항거하다	5
전학하다	5
혼내다	5
애절하다	5
제약하다	5
조화되다	5
비참하다	5
나포하다	5
애타다	5
전쟁하다	5
드넓다	5
격파하다	5
결장하다	5
날아다니다	5
무서워하다	5
수군대다	5
장대하다	5
비견하다	5
유망하다	5
닳다	5
파열되다	5
쉬쉬하다	5
내밀하다	5
매혹하다	5
투하하다	5
강요당하다	5
조처되다	5
완화시키다	5
인내하다	5
특채하다	5
매장하다	5
괄목하다	5
관전하다	5
결탁하다	5
시큰둥하다	5
안정하다	5
예단하다	5
패다	5
분투하다	5
초대받다	5
신음하다	5
뒤집어씌우다	5
위중하다	5
소모하다	5
척박하다	5
못생기다	5
대납하다	5
문제삼다	5
종영하다	5
빈틈없다	5
뵙다	5
배신하다	5
경이롭다	5
남용되다	5
사과드리다	5
헤어나다	5
쓸모없다	5
절감되다	5
매캐하다	5
출현하다	5
스러지다	5
연약하다	5
아물다	5
눈치채다	5
창궐하다	5
주파하다	5
강변하다	5
선언되다	5
애틋하다	5
녹화되다	5
진일보하다	5
조악하다	5
미안하다.	5
격앙되다	5
입수되다	5
반입되다	5
비켜서다	5
곧다	5
각인되다	5
감소시키다	5
흩뜨리다	5
열어젖히다	5
근소하다	5
농사짓다	5
무마하다	5
포용하다	5
돌려놓다	5
투하되다	5
실낱같다	5
무지하다	5
닦달하다	5
대중화되다	5
괴상하다	5
기증되다	5
여유롭다	5
연호하다	5
공격받다	5
멀리하다	5
그르다	5
존치하다	5
쳐주다	5
교대하다	5
강화시키다	5
흉흉하다	5
확정짓다	5
열망하다	5
머뭇거리다	5
자명하다	5
이행되다	5
나열하다	5
지망하다	5
민영화되다	5
풍미하다	5
추첨하다	5
쓰러뜨리다	5
축출하다	5
노심초사하다	5
하차하다	5
요격하다	5
구구하다	5
엄단하다	5
증진하다	5
복종하다	5
광활하다	5
중요시하다	5
얼싸안다	5
뿜어내다	5
게으르다	5
거닐다	5
통칭하다	5
치유되다	5
인계하다	5
필요	5
빗맞다	5
저평가되다	5
골라내다	5
큼직하다	5
긁어모으다	5
일맥상통하다	5
쬐다	5
훈훈하다	5
완연하다	5
예견하다	5
최적화하다	5
축출되다	5
지급받다	5
개업하다	5
복수하다	5
분출되다	5
후송되다	5
간소하다	5
풍족하다	5
선택되다	5
촌스럽다	5
발칙하다	5
합리화하다	5
탐내다	5
탕진하다	5
붉어지다	5
정화하다	5
목표하다	5
분열시키다	5
인출되다	5
매장되다	5
쩔쩔매다	5
아름답고	5
해직되다	5
대꾸하다	5
생략되다	5
저러다	5
달갑다	5
전출되다	5
건실하다	5
감금되다	5
행세하다	5
물갈이하다	5
싸잡다	5
좌천되다	5
팔아넘기다	5
무뎌지다	5
내걸리다	5
중독되다	5
습하다	5
정중하다	5
이별하다	5
통폐합되다	5
각인시키다	5
완납하다	5
희박하다	5
반짝거리다	5
쫓아다니다	5
성토하다	5
반려하다	5
잡아들이다	5
냉혹하다	5
냉철하다	5
이만하다	5
안쓰럽다	5
쿨하다	5
반입하다	5
발효시키다	5
써넣다	5
알아차리다	5
활달하다	5
간소화하다	5
사칭하다	5
지대하다	5
팽개치다	5
모질다	5
이첩하다	5
테스트하다	5
숙청하다	5
솎다	5
연립하다	5
학대하다	5
폄훼하다	5
족하다	5
대등하다	5
순조롭다	5
허우적대다	5
임대되다	5
만하다	5
애꿎다	5
평정하다	5
시공하다	5
감축되다	5
퇴색되다	5
안장하다	5
헌납하다	5
싹트다	5
녹취하다	5
반전되다	5
입양되다	5
송출하다	5
서술되다	5
탈출시키다	5
배고프다	5
농락하다	5
선양하다	5
빠트리다	5
기능하다	5
거듭되다	5
간소화되다	5
중복되다	5
엉키다	5
뛰어나오다	5
진입시키다	5
고착되다	5
연명하다	5
감동시키다	5
연착륙하다	5
플레이하다	5
예우하다	5
얼리다	5
번거롭다	5
고즈넉하다	5
부도덕하다	5
구금하다	5
득점하다	5
하야하다	5
추어올리다	5
남하하다	5
무식하다	5
전진하다	5
해이하다	5
재촉하다	5
불타오르다	5
타파하다	5
투병하다	5
시공되다	5
지지다	5
경질하다	5
흩날리다	5
단속되다	5
읍소하다	5
끝장내다	5
분비하다	5
말살하다	5
폐업하다	5
광대하다	5
현혹되다	5
손꼽다	5
헐렁하다	5
수비하다	5
정신없다	5
재연하다	5
유임시키다	5
선선하다	5
공생하다	5
외면당하다	5
해약하다	5
개다	5
정의되다	5
타내다	5
폐교되다	5
쑤다	5
우러나다	5
화창하다	5
무찌르다	5
가석방되다	4
환담하다	4
출판하다	4
분비되다	4
얌전하다	4
영합하다	4
하산하다	4
영향받다	4
팔아먹다	4
리드하다	4
판정되다	4
부실화하다	4
판시하다	4
움츠러들다	4
보채다	4
담합하다	4
일사불란하다	4
탈취하다	4
펴지다	4
무수하다	4
유보되다	4
해킹당하다	4
거치되다	4
맵다	4
초토화되다	4
오염시키다	4
구차하다	4
밤새다	4
예정	4
느긋하다	4
격상시키다	4
화장되다	4
고약하다	4
엄연하다	4
합법화하다	4
이전되다	4
약정하다	4
물러가다	4
진보하다	4
회수되다	4
싱그럽다	4
너그럽다	4
추대하다	4
무방하다	4
결부되다	4
올려다보다	4
바탕하다	4
돌출되다	4
불규칙하다	4
보잘것없다	4
활보하다	4
화해하다	4
할당받다	4
채색하다	4
강직하다	4
사주하다	4
공습하다	4
고시되다	4
신축하는	4
창건하다	4
출가하다	4
독립시키다	4
빽빽하다	4
솔깃하다	4
신성하다	4
감기다	4
명쾌하다	4
배회하다	4
불가사의하다	4
상기하다	4
완승하다	4
예치되다	4
처형하다	4
진화되다	4
보증하다	4
조율되다	4
전용하다	4
울퉁불퉁하다	4
누다	4
한가롭다	4
닥쳐오다	4
돌려쓰다	4
행방불명되다	4
수반하다	4
횡행하다	4
악물다	4
데우다	4
눕히다	4
들쑤시다	4
총살되다	4
엎치락뒤치락하다	4
즉사하다	4
광고하다	4
채록하다	4
명하다	4
통학하다	4
인선하다	4
불량하다	4
발동되다	4
휘감다	4
찧다	4
환매하다	4
가미되다	4
채굴하다	4
송구스럽다	4
훈련받다	4
재가하다	4
허심탄회하다	4
볼만하다	4
방중하다	4
두말하다	4
졸라매다	4
되돌아오다	4
우선시하다	4
변호하다	4
역겹다	4
빼닮다	4
체념하다	4
이해시키다	4
떠나보내다	4
증강하다	4
집적되다	4
증대되다	4
허비하다	4
즈음하다	4
어림없다	4
쇠약하다	4
대조되다	4
감액하다	4
감액되다	4
해맑다	4
변덕스럽다	4
봉안하다	4
추돌하다	4
좌시하다	4
국유화하다	4
방문	4
추악하다	4
내포되다	4
연애하다	4
굉장하다	4
완치하다	4
선진화되다	4
선별되다	4
잠재되다	4
저하되다	4
절단하다	4
전복하다	4
매료시키다	4
중용하다	4
결집시키다	4
신비하다	4
끈질기다	4
무력하다	4
옹립하다	4
굴다	4
분간하다	4
쇼핑하다	4
삭막하다	4
배웅하다	4
짝사랑하다	4
울컥하다	4
재미나다	4
보내주다	4
피살되다	4
주연하다	4
녹화하다	4
직조하다	4
편집되다	4
진압되다	4
반듯한	4
숨기다	4
그러하다	4
제외시키다	4
헛되다	4
짖다	4
위조되다	4
빚지다	4
놓아주다	4
쐬다	4
연로하다	4
느려지다	4
발급되다	4
한가하다	4
멍하다	4
곱상하다	4
빙자하다	4
꽃피다	4
뛰놀다	4
표면화되다	4
파묻다	4
차출하다	4
철렁하다	4
방해되다	4
퇴장당하다	4
낙인찍히다	4
기막히다	4
따라하다	4
비하하다	4
웅크리다	4
아무렇다	4
눈뜨다	4
제명되다	4
소원하다	4
동요하다	4
전시	4
왜소하다	4
촘촘하다	4
휴학하다	4
암매장하다	4
방심하다	4
점령되다	4
호명하다	4
급진전되다	4
살해당하다	4
재배치하다	4
상실되다	4
뒤집어지다	4
거룩하다	4
추하다	4
끄집어내다	4
지연하다	4
간명하다	4
형상화되다	4
부르짖다	4
짠하다	4
감격스럽다	4
약속받다	4
시들다	4
멋있다	4
발산하다	4
적막하다	4
맞히다	4
떠돌아다니다	4
고상하다	4
불성실하다	4
억류하다	4
티격태격하다	4
점철되다	4
장엄하다	4
탐사하다	4
비준되다	4
발원하다	4
납치	4
분열되다	4
사수하다	4
흥분되다	4
지적받다	4
점증하다	4
짐작되다	4
저릿하다	4
손색없다	4
맛없다	4
끌어모으다	4
일반화하다	4
운용	4
경과하다	4
끝마치다	4
어엿하다	4
낙후하다	4
시판되다	4
해독하다	4
촉발시키다	4
전복되다	4
종결되다	4
배어나다	4
흐뭇하다	4
은신하다	4
급습하다	4
먹먹하다	4
정갈하다	4
공멸하다	4
항해하다	4
내젓다	4
잠복하다	4
허락되다	4
드높이다	4
때다	4
시각화하다	4
훌쩍이다	4
번영하다	4
곤궁하다	4
잠식하다	4
배급하다	4
도산하다	4
고취하다	4
비관하다	4
축내다	4
색출하다	4
결집되다	4
둘러앉다	4
충원되다	4
허하다	4
수행되다	4
강고하다	4
구속기소되다	4
여닫다	4
진급하다	4
크나크다	4
육성	4
회의하다	4
명료하다	4
낙태하다	4
골몰하다	4
다독거리다	4
거행되다	4
각박하다	4
떠받들다	4
거행하다	4
화하다	4
발가벗기다	4
단일화하다	4
가느다랗다	4
새빨갛다	4
감량하다	4
초대되다	4
뒷바라지하다	4
앙상하다	4
느닷없다	4
널찍하다	4
뿔나다	4
쾌척하다	4
재처리하다	4
참회하다	4
두둑하다	4
음울하다	4
불명확하다	4
파병하다	4
때려잡다	4
포획하다	4
혁혁하다	4
증원하다	4
문란하다	4
숙고하다	4
의거하다	4
침착하다	4
탐탁하다	4
이양하다	4
해지다	4
양보하는	4
퇴임	4
쌀쌀하다	4
난해하다	4
와닿다	4
엷다	4
반환되다	4
변환하다	4
훈계하다	4
애매모호하다	4
홀대하다	4
멸종되다	4
재정비하다	4
음미하다	4
유려하다	4
대필하다	4
동분서주하다	4
배부르다	4
치중되다	4
어리둥절하다	4
호위하다	4
환급하다	4
번성하다	4
재혼하다	4
끌어당기다	4
기괴하다	4
매설하다	4
캐주얼하다	4
명기되다	4
합병되다	4
비화하다	4
연승하다	4
점화하다	4
이감되다	4
위장되다	4
실점하다	4
구비하다	4
속되다	4
터놓다	4
일상화되다	4
심의	4
등정하다	4
칭하다	4
유전되다	4
검출하다	4
제약되다	4
순직하다	4
재건축하다	4
산재하다	4
푹신하다	4
기생하다	4
겸임하다	4
성장시키다	4
연금되다	4
팽창하다	4
다행스럽다	4
채점하다	4
협의되다	4
공여하다	4
동그랗다	4
자인하다	4
요하다	4
숙련되다	4
맞잡다	4
전무후무하다	4
호되다	4
창출되다	4
찢기다	4
우화하다	4
공개	4
막돼먹다	4
짓밟히다	4
예기다	4
엄습하다	4
달리기하다	4
통찰하다	4
창단되다	4
출석시키다	4
비집다	4
역투하다	4
박제되다	4
분양받다	4
무시무시하다	4
깨부수다	4
감격하다	4
나부끼다	4
동여매다	4
싱겁다	4
분실되다	4
솟구치다	4
금지	4
업히다	4
고안되다	4
위급하다	4
두근거리다	4
조성	4
대면하다	4
단조롭다	4
운집하다	4
목매다	4
매수	4
되사다	4
연패하다	4
승격시키다	4
무분별하다	4
깜찍하다	4
단죄하다	4
도살되다	4
퇴출시키다	4
검문하다	4
파먹다	4
복습하다	4
부여잡다	4
절제하다	4
쥐락펴락하다	4
장난치다	4
묘연하다	4
확진되다	4
틀어박히다	4
재수하다	4
소진하다	4
개소하다	4
고지하다	4
차입하다	4
을씨년스럽다	4
흉포하다	4
나열되다	4
황폐화하다	4
빛바래다	4
투쟁하다	4
부둥켜안다	4
잔류하다	4
침략하다	4
생산	4
내팽개치다	4
아니었나	4
조마조마하다	4
유기하다	4
판이하다	4
평준화되다	4
허전하다	4
진척되다	4
세탁하다	4
디자인되다	4
수고하다	4
정리	4
건축하다	4
되갚다	4
반가워하다	4
깔리다	4
파손하다	4
유통하다	4
설명되다	4
드러눕다	4
심대하다	4
발명하다	4
너덜너덜하다	4
밤늦다	4
절판되다	4
보복하다	4
고결하다	4
참다못하다	4
위독하다	4
제조되다	4
유추하다	4
수소문하다	4
쥐이다	4
엿듣다	4
부지런하다	4
입법하다	4
으깨다	4
재배되다	4
폐사하다	4
발포하다	4
사형시키다	4
움츠리다	4
깔깔하다	4
재투자하다	4
사랑받다	4
갈취하다	4
살벌하다	4
겁내다	4
얼떨떨하다	4
고문하다	4
활성화시키다	4
현저하다	4
발신되다	4
합장하다	4
시니컬하다	4
감형되다	3
단합되다	3
비켜가다	3
싱싱하다	3
증식하다	3
역류하다	3
코멘트하다	3
소송하다	3
험준하다	3
날치기하다	3
안일하다	3
머쓱하다	3
엉기다	3
열처리하다	3
의연하다	3
관망하다	3
솟아나다	3
자잘하다	3
헌혈하다	3
개강하다	3
밤새우다	3
다이내믹하다	3
불식시키다	3
부리부리하다	3
당선시키다	3
깔아뭉개다	3
압수되다	3
밀착되다	3
부식되다	3
공급	3
탁하다	3
덮어쓰다	3
개탄스럽다	3
세습하다	3
기소	3
불붙이다	3
부검하다	3
불발되다	3
어지간하다	3
심약하다	3
가공되다	3
눌러쓰다	3
날조하다	3
리메이크하다	3
삽입되다	3
호출하다	3
출동시키다	3
부당	3
전환	3
좁아지다	3
고독하다	3
등한시하다	3
예언하다	3
희석되다	3
소탕하다	3
미지근하다	3
개선시키다	3
안치하다	3
고발당하다	3
해지되다	3
오열하다	3
교차되다	3
파란만장하다	3
와해되다	3
상충하다	3
누렇다	3
투옥되다	3
둘러치다	3
쾌활하다	3
은폐되다	3
황폐하다	3
북송하다	3
체득하다	3
달이다	3
증대시키다	3
친애하다	3
휘어잡다	3
색칠하다	3
다양	3
맹렬하다	3
향상하다	3
증폭시키다	3
앓아눕다	3
간곡하다	3
귀속되다	3
흡입하다	3
주동하다	3
신통하다	3
셈하다	3
비평하다	3
정당화되다	3
파기되다	3
바래다	3
배당되다	3
청산되다	3
끄떡없다	3
정립되다	3
아르바이트하다	3
접수시키다	3
칭찬받다	3
탕감하다	3
요청	3
걸터앉다	3
덤비다	3
벙벙하다	3
중지시키다	3
엄존하다	3
담보되다	3
분발하다	3
통합	3
범행하다	3
모독하다	3
도배하다	3
해치우다	3
기다랗다	3
넓적하다	3
창간하다	3
요긴하다	3
예편하다	3
분개하다	3
부조리하다	3
뵈다	3
예약되다	3
증폭하다	3
대서특필하다	3
거절되다	3
유지시키다	3
특채되다	3
이뤄내겠다는	3
증액되다	3
유세하다	3
봉안되다	3
맞붙이다	3
환원되다	3
허무하다	3
다분하다	3
수교하다	3
마렵다	3
어눌하다	3
연체되다	3
지출되다	3
면직되다	3
신비스럽다	3
이채롭다	3
무임승차하다	3
무감각하다	3
냉담하다	3
병행되다	3
새하얗다	3
화끈거리다	3
과하다	3
공연되	3
녹아내리다	3
좌초하다	3
허무맹랑하다	3
행차하다	3
원망스럽다	3
증진시키다	3
떼죽음하다	3
억압되다	3
부글부글하다	3
월남하다	3
확장시키다	3
놀라워하다	3
평안하다	3
침침하다	3
안도하다	3
허둥대다	3
안심시키다	3
유산하다	3
빼들다	3
부결시키다	3
건국하다	3
저격하다	3
떠맡다	3
기나길다	3
융통하다	3
배양하다	3
탄력받나	3
체불하다	3
타이핑하다	3
횡단하다	3
성하다	3
전소되다	3
구형되다	3
지난하다	3
재정립하다	3
쳐들다	3
여의다	3
재학하다	3
회람하다	3
염색하다	3
휴직하다	3
중얼거리다	3
진작하다	3
호령하다	3
출연시키다	3
붕괴시키다	3
교활하다	3
명예롭다	3
푸석하다	3
촉촉하다	3
창안하다	3
찡하다	3
능란하다	3
탄식하다	3
무질서하다	3
지속시키다	3
보강되다	3
낚아채다	3
점찍다	3
격노하다	3
구슬프다	3
흐드러지다	3
경외하다	3
둔화시키다	3
배부하다	3
불평하다	3
양립하다	3
적시되다	3
무미건조하다	3
흩트리다	3
변명하다	3
숨어들다	3
어슬렁거리다	3
간여하다	3
일임하다	3
승인받다	3
소속하다	3
사정하다	3
보람되다	3
치부되다	3
별세해	3
덧씌우다	3
제하다	3
중단	3
비아냥대다	3
사격하다	3
악랄하다	3
안무하다	3
비등하다	3
난처하다	3
넓히다	3
재집권하다	3
부단하다	3
승화되다	3
천하다	3
성스럽다	3
뼈저리다	3
직영하다	3
헤집다	3
'영원한	3
부합되다	3
분패하다	3
가냘프다	3
가용하다	3
도열하다	3
맹추격하다	3
포섭하다	3
스미다	3
근엄하다	3
후텁지근하다	3
얼얼하다	3
사무치다	3
퇴화하다	3
입찰하다	3
발생시키다	3
단출하다	3
고루하다	3
빼먹다	3
짜깁기하다	3
스산하다	3
집약하다	3
안정화하다	3
얻어내	3
불공평하다	3
실추되다	3
출생하다	3
기술되다	3
불나다	3
불길하다	3
조화하다	3
예상	3
혼란하다	3
포효하다	3
자상하다	3
독촉하다	3
터치하다	3
작동되다	3
중개하다	3
파행하다	3
하찮다	3
헹구다	3
배가되다	3
머나멀다	3
고민되다	3
공공연하다	3
남아돌다	3
불시착하다	3
교제하다	3
괘씸하다	3
앞세우다	3
필요하면	3
야합하다	3
갱신되다	3
장식되다	3
기사화하다	3
오해되다	3
찡그리다	3
가격하다	3
분하다	3
승진시키다	3
자조하다	3
신탁하다	3
갈무리하다	3
주행하다	3
아파하다	3
시식하다	3
충돌	3
큰코다치다	3
비통하다	3
소화되다	3
고만고만하다	3
교신하다	3
등산하다	3
산정되다	3
손짓하다	3
비일비재하다	3
부러지다	3
함락되다	3
유영하다	3
치장하다	3
강탈하다	3
내지르다	3
캐스팅하다	3
막역하다	3
박하다	3
등용하다	3
물어뜯다	3
재탈환하다	3
무장되다	3
면제받다	3
참되다	3
태동하다	3
가름하다	3
매이다	3
단장되다	3
말라죽다	3
구조화되다	3
되돌려받다	3
협찬하다	3
피해하다	3
양도하다	3
오므리다	3
농축하다	3
현대화되다	3
찌들다	3
시원찮다	3
상장	3
실격되다	3
공정	3
금지시키다	3
돋다	3
더해졌다	3
침탈하다	3
극복되다	3
집어내다	3
보수하다	3
후비다	3
단란하다	3
구겨지다	3
거역하다	3
이뤄내겠다"고	3
고고하다	3
옹골차다	3
세척하다	3
오해받다	3
차단	3
탈취당하다	3
복원시키다	3
남부럽다	3
기만하다	3
천박하다	3
청렴하다	3
대여하다	3
어두컴컴하다	3
차등하다	3
뛰쳐나가다	3
야단치다	3
입법화하다	3
혼재하다	3
승급하다	3
고뇌하다	3
조련하다	3
협약하다	3
근속하다	3
뜬금없다	3
근질근질하다	3
조절되다	3
지휘	3
갈구하다	3
미성숙하다	3
부재하다	3
관두다	3
공천되다	3
피폐하다	3
논란되다	3
개편	3
흠모하다	3
유난스럽다	3
보필하다	3
값나가다	3
근사하다	3
매매하다	3
쳐내다	3
회복	3
진부하다	3
매끈하다	3
심오하다	3
뒤얽히다	3
무뚝뚝하다	3
동봉하다	3
아웃되다	3
탈바꿈한다	3
달아주다	3
조응하다	3
떠안기다	3
체계화하다	3
개량되다	3
송치되다	3
잡아가다	3
공전하다	3
결여되다	3
판별하다	3
불의하다	3
잡아끌다	3
일신하다	3
파급되다	3
고풍스럽다	3
해박하다	3
분배되다	3
서투르다	3
속개되다	3
회생하다	3
아이러니하다	3
솟아오르다	3
코믹하다	3
덩그렇다	3
숭배하다	3
고찰하다	3
절상되다	3
비틀어지다	3
동승하다	3
한물가다	3
중도하다	3
고귀하다	3
반사하다	3
유명	3
가라앉히다	3
나붙다	3
해명되다	3
뒹굴다	3
약속되다	3
물어내다	3
컴컴하다	3
승계되다	3
수리되다	3
등반하다	3
굴하다	3
저하시키다	3
벼리다	3
촌평하다	3
분리시키다	3
선취하다	3
공채하다	3
어떡하나	3
놀아나다	3
퇴각하다	3
유력시되다	3
에로틱하다	3
대동소이하다	3
보편화하다	3
실축하다	3
동일시하다	3
신문하다	3
산만하다	3
벌거벗다	3
숙지하다	3
산출되다	3
흥얼거리다	3
반듯하다	3
가물가물하다	3
그늘지다	3
혹평하다	3
쓰라리다	3
방증하다	3
빈둥거리다	3
쏘아붙이다	3
기세등등하다	3
순화하다	3
암살하다	3
산화하다	3
검정하다	3
도용되다	3
접경하다	3
흥청대다	3
믿음직하다	3
겁박하다	3
환송하다	3
졸리다	3
말아먹다	3
상장시키다	3
그럴듯하다	3
뒷걸음치다	3
합심하다	3
사납다	3
채집하다	3
채집되다	3
세분화되다	3
묵과하다	3
재판하다	3
논쟁하다	3
갈팡질팡하다	3
사용	3
선창하다	3
상향하다	3
활기차다	3
폐막하다	3
나앉다	3
새삼스럽다	3
날씬하다	3
자진하다	3
미끄럽다	3
창시하다	3
정조준하다	3
편곡하다	3
요상하다	3
출하되다	3
대두하다	3
애용하다	3
경작하다	3
취업시키다	3
수축되다	3
지수화한	3
튀기다	3
부흥시키다	3
익사하다	3
실행	3
환승하다	3
달달하다	3
고시다	3
뻣뻣하다	3
통역하다	3
성희롱하다	3
암살되다	3
가누다	3
직언하다	3
속타다	3
다양화되다	3
공포되다	3
도태되다	3
투항하다	3
야속하다	3
욕심내다	3
과소평가하다	3
축이다	3
입후보하다	3
탐스럽다	3
억세다	3
구원하다	3
대질하다	3
처벌	3
대들다	3
강간하다	3
반목하다	3
발음하다	3
판가름나	3
완간하다	3
유예-되다	3
들치다	3
우습다	3
뻔뻔하다	3
원대하다	3
차단당하다	3
문지르다	3
드리워지다	3
찾아뵙다	3
얕보다	3
다운로드하다	3
분장하다	3
국산화하다	3
돌려세우다	3
기정사실화하다	3
흩어지다	3
뛰어가다	3
나가떨어지다	3
흡족하다	3
뜨뜻미지근하다	3
마무리다	3
공표되다	3
암기하다	3
절규하다	3
포탈하다	3
갑갑하다	3
승격되다	3
절치부심하다	3
허황하다	3
타도하다	3
영광스럽다	3
점화되다	3
풀어쓰다	3
면담	3
휘날리다	3
시끌벅적하다	3
매	3
징용되다	3
서빙하다	3
출점하다	3
상업화하다	3
발설하다	3
두리번거리다	3
진열되다	3
현격하다	3
수반되다	3
용퇴하다	3
평균하다	3
철폐되다	3
칩거하다	3
고장나	3
멍들다	3
안락하다	3
굴러다니다	3
교란하다	3
유일무이하다	3
봉헌하다	3
매혹되다	3
밀매되다	3
차이다	3
볼록하다	3
충당되다	3
시시하다	3
회전시키다	3
위험	3
경멸하다	3
욕먹다	3
유치되다	3
박이다	3
우직하다	3
공급받다	3
밀착하다	3
신장하다	3
제품화하다	3
전멸하다	3
동원	3
밀봉하다	3
지질하다	3
가입시키다	3
전패하다	3
표결하다	3
양식하다	3
등재하다	3
총동원되다	3
말려들다	3
처방받다	3
무치다	3
퇴보하다	3
탄생	3
잠수하다	3
위험천만하다	3
호젓하다	3
관심하다	3
암호화되다	3
유발시키다	3
맹세하다	3
유예되다	3
자수하다	3
길들이다	3
좇아가다	3
괴팍하다	3
여쭈다	3
그럴싸하다	3
우월하다	3
민첩하다	3
대성하다	3
아련하다	3
흐릿하다	3
농담하다	3
시판하다	3
등원하다	3
포획되다	3
씩씩하다	3
항복하다	3
평결하다	3
점용하다	3
체화되다	3
오죽하다	3
정제되다	3
훈련되다	3
포집하다	3
뜯어먹다	3
공명정대하다	3
황량하다	3
남겨지다	3
호락호락하다	3
황망하다	3
산란하다	3
박치기하다	3
식별되다	3
혼합되다	3
식상하다	2
싶	2
변론하다	2
혼미하다	2
정면충돌하다	2
보위하다	2
귀향하다	2
말라붙다	2
헛갈리다	2
뒤돌아보다	2
제도화되다	2
두루뭉술하다	2
행보하다	2
뜨끈하다	2
배합하다	2
사멸하다	2
걷어올리다	2
표구하다	2
삐걱대다	2
운전되다	2
응찰하다	2
술회하다	2
충혈되다	2
휘황찬란하다	2
불식하다	2
패스하다	2
뒤따라오다	2
해부하다	2
설립	2
편성	2
전과하다	2
밀항하다	2
처신하다	2
총사퇴하다	2
슬다	2
복원	2
격하되다	2
상속받다	2
변신시키다	2
입행하다	2
소탈하다	2
표준화하다	2
낯익다	2
처박히다	2
가속화시키다	2
건전화하다	2
다부지다	2
남자답다	2
무신경하다	2
동경하다	2
카랑카랑하다	2
안내되다	2
핥다	2
득세하다	2
소독하다	2
순환시키다	2
이완되다	2
턴하다	2
강화	2
결여하다	2
적확하다	2
추측되다	2
취급받다	2
까딱거리다	2
입북하다	2
선호되다	2
교전하다	2
지도	2
결정	2
포기	2
반신반의하다	2
뽀뽀하다	2
힐난하다	2
암거래되다	2
상소하다	2
결백하다	2
항행하다	2
정결하다	2
은둔하다	2
입회하다	2
다원화하다	2
낙오하다	2
겸업하다	2
사칭하는	2
총망라되다	2
출격시키다	2
되받다	2
시해하다	2
불온하다	2
부질없다	2
재론하다	2
날뛰다	2
이해	2
되받아치다	2
부결하다	2
우거지다	2
극대화	2
못되다	2
천연덕스럽다	2
소급하다	2
떨떠름하다	2
배신당하다	2
번쩍이다	2
익살스럽다	2
수여되다	2
움찔하다	2
입증받다	2
농축되다	2
본격화되기	2
존중되다	2
위배하다	2
감시	2
편들다	2
흉하다	2
향긋하다	2
상관하다	2
원숙하다	2
감염시키다	2
적용시키다	2
포개지다	2
면도하다	2
세수하다	2
흩뿌리다	2
놓이다	2
끌려가다	2
시주하다	2
모집되다	2
청강하다	2
조잡하다	2
세분되다	2
회신하다	2
구비되다	2
분사하다	2
목격되다	2
간단명료하다	2
변색되다	2
만족해	2
나태하다	2
대보다	2
남용	2
밀집되다	2
재인식하다	2
귀농하다	2
검열하다	2
해야겠다.'	2
돌파	2
재빠르다	2
몸서리치다	2
충전되다	2
대국하다	2
상근하다	2
수배하다	2
순응하다	2
고양되다	2
채취되다	2
일희일비하다	2
말쑥하다	2
오버하다	2
땜질하다	2
연결짓다	2
재판받다	2
융성하다	2
접신하다	2
학살되다	2
들쭉날쭉하다	2
깨우치다	2
절충되다	2
온당하다	2
연결시키지	2
둘러서다	2
정렬하다	2
더러워지다	2
자각하다	2
차치하다	2
독파하다	2
급조하다	2
완충하다	2
부진	2
오르락내리락하다	2
의기소침하다	2
재조정하다	2
상용하다	2
막가다	2
사문화되다	2
변장하다	2
내리쬐다	2
안맞아"	2
파렴치하다	2
납부	2
법제화되다	2
연하다	2
사로잡히다	2
재출마하다	2
휘몰아치다	2
불화하다	2
덮어씌우다	2
밀폐하다	2
개학하다	2
특별사면됐다	2
선종	2
탄복하다	2
우유부단하다	2
쪼이다	2
완독하다	2
와전되다	2
난데없다	2
심사숙고하다	2
순국하다	2
전역시키다	2
절약되다	2
근절되다	2
위시하다	2
번득이다	2
갈기다	2
발인하다	2
적출되다	2
유폐하다	2
탐하다	2
실신하다	2
안할	2
종영되다	2
선제공격하다	2
전투하다	2
불완전하다	2
맹신하다	2
축조하다	2
완곡하다	2
극대화되다	2
재무장하다	2
개방	2
증축하다	2
의뢰	2
세탁되다	2
당연시하다	2
나자빠지다	2
융자하다	2
시다	2
여간하다	2
지긋하다	2
불출마하다	2
단합하다	2
공제되다	2
초토화시키다	2
역전당하다	2
단교하다	2
처연하다	2
동글동글하다	2
추서되다	2
비틀거리다	2
유찰되다	2
정돈하다	2
증원되다	2
받아넘기다	2
해산된	2
착륙	2
하얘지다	2
파병-되다	2
자폭하다	2
낄낄거리다	2
서행하다	2
죽어나다	2
내재되다	2
수집되다	2
변조되다	2
농단하다	2
역공하다	2
경합하다	2
어려워하다	2
으스스하다	2
정렬되다	2
꽃답다	2
시무룩하다	2
핍진하다	2
무산	2
투구하다	2
쳐들어가다	2
헌화하다	2
뭉뚱그리다	2
지리멸렬하다	2
복권하다	2
감안되다	2
총살하다	2
대적하다	2
메아리치다	2
자칫하다	2
매각	2
종단하다	2
고민스럽다	2
고도화하다	2
할애되다	2
해하다	2
삐끗하다	2
결행하다	2
저지당하다	2
고다	2
파업하다	2
채찍질하다	2
가속하다	2
보도	2
장전하다	2
점화시키다	2
잠식되다	2
고발	2
기묘하다	2
해괴하다	2
여과되다	2
지목받다	2
동고동락하다	2
폭파하다	2
실속하다	2
암송하다	2
문제시하다	2
랭크되다	2
발급받다	2
아니었다면	2
준비	2
검수하다	2
연임되다	2
곯다	2
도톰하다	2
사르다	2
상향되다	2
긁어내다	2
동화되다	2
들춰내다	2
멋스럽다	2
엄혹하다	2
시퍼렇다	2
호리호리하다	2
유행시키다	2
변환되다	2
철저	2
호송하다	2
총집결하다	2
축구하다	2
제공받다	2
경도되다	2
제작	2
업데이트하다	2
맛나다	2
정성스럽다	2
장성하다	2
변변찮다	2
각인하다	2
극하다	2
처박다	2
가난	2
도도하다	2
구별되다	2
편찬하다	2
정겹다	2
밉보이다	2
외지다	2
프린트하다	2
허망하다	2
은유하다	2
갸우뚱하다	2
개점하다	2
쥐어뜯다	2
증감하다	2
강등하다	2
불발하다	2
화풀이하다	2
낙선시키다	2
상정	2
당혹하다	2
전보되다	2
타들다	2
통타하다	2
선언	2
실사하다	2
확보	2
긴요하다	2
불합격하다	2
출석	2
복기하다	2
각축하다	2
움켜잡다	2
게임하다	2
부릅뜨다	2
싫어지다	2
정독하다	2
지체하다	2
뒷걸음질하다	2
탈옥하다	2
잠행하다	2
세차다	2
순연되다	2
예보되다	2
상주시키다	2
꿈쩍하다	2
필사하다	2
결산하다	2
좌천시키다	2
수송되다	2
만발하다	2
양위하다	2
창간되다	2
살랑대다	2
형형하다	2
훼손시키다	2
뒤따라가다	2
불가결하다	2
주사하다	2
탈고하다	2
검진하다	2
해소시키다	2
증세하다	2
암호화하다	2
끄집다	2
만무하다	2
관계있다	2
첨가되다	2
정비례하다	2
내사하다	2
완치되다	2
유별나다	2
종잡다	2
저주하다	2
목도하다	2
뭉클하다	2
차오르다	2
강구되다	2
북적대다	2
통렬하다	2
격감하다	2
선뵈다	2
창작하다	2
징발하다	2
끓이다	2
사유화되다	2
예속되다	2
짓이기다	2
분화되다	2
조직화되다	2
제한받다	2
당선하다	2
밝아지다	2
방조	2
야릇하다	2
궁하다	2
대접받다	2
뒤돌다	2
구성지다	2
성립되다	2
유괴되다	2
헐겁다	2
나른하다	2
지어내다	2
완납되다	2
대응	2
뒤척이다	2
승화하다	2
매매되다	2
선결되다	2
쌓이다	2
등재시키다	2
드세다	2
분열	2
갈아입히다	2
둘러대다	2
하방하다	2
변주하다	2
기민하다	2
분할	2
갸웃하다	2
해석	2
염려되다	2
저장	2
전환시키다	2
점잖다	2
뻥튀기하다	2
임용하다	2
늘씬하다	2
상종하다	2
역전시키다	2
궁리하다	2
메마르다	2
쓸리다	2
떠다니다	2
뚫어지다	2
몸부림치다	2
입점시키다	2
엇나가다	2
줄잇다	2
웅숭깊다	2
감별하다	2
신봉하다	2
포옹하다	2
위풍당당하다	2
투영되다	2
확언하다	2
무원칙하다	2
비과세되다	2
거듭할	2
집도하다	2
더워지다	2
투덜대다	2
들이붓다	2
어그러지다	2
일독하다	2
심취하다	2
풀어지다	2
누설되다	2
존경스럽다	2
휘청이다	2
충성하다	2
거추장스럽다	2
조회되다	2
갈아엎다	2
리모델링한	2
활용	2
입학시키다	2
떵떵거리다	2
진흥하다	2
제출	2
고지식하다	2
곪다	2
굳세다	2
포상하다	2
공유된	2
성공	2
재입국하다	2
노숙하다	2
규격화되다	2
순하다	2
낙서하다	2
공고되다	2
진열하다	2
용납되다	2
살찌우다	2
전용되다	2
철군하다	2
등판시키다	2
희끗희끗하다	2
비교	2
배열하다	2
짜깁다	2
어찌하다	2
차별되다	2
실종	2
기각시키다	2
내통하다	2
미지급되다	2
가산하다	2
달아보다	2
날려보내	2
가닿다	2
활성화	2
부적합하다	2
증대하다	2
미뤄지면서	2
노후되다	2
깡마르다	2
무표정하다	2
왁자지껄하다	2
고착화하다	2
고착화되다	2
무효화되다	2
포격하다	2
축하다	2
설계	2
나이브하다	2
사과	2
대변되다	2
명명백백하다	2
써봤다	2
기부받다	2
먹음직스럽다	2
해체시키다	2
해산되다	2
판독하다	2
완숙하다	2
주장되다	2
싶다	2
개운하다	2
푸근하다	2
성대하다	2
공인되다	2
대피시키다	2
함축하다	2
변모시키다	2
흥청망청하다	2
사고하다	2
능청스럽다	2
견조하다	2
마주보	2
맹폭하다	2
돋치다	2
오목하다	2
접붙이다	2
부과받다	2
공들다	2
얽어매다	2
촘촘한	2
퇴위하다	2
그리되다	2
패퇴하다	2
추동하다	2
무력화시키다	2
이주시키다	2
맞세우다	2
나뒹굴다	2
번복되다	2
역이용하다	2
퇴적하다	2
장전되다	2
완등하다	2
난파하다	2
죄송스럽다	2
해보다	2
혹사하다	2
총명하다	2
감독	2
성관계하다	2
겸연쩍다	2
불입하다	2
가당하다	2
향기롭다	2
음해하다	2
어리둥절하하다	2
원용하다	2
분칠하다	2
비옥하다	2
윽박지르다	2
기상하다	2
서약하다	2
에누리하다	2
일순하다	2
설문하다	2
화목하다	2
쫄깃하다	2
매콤하다	2
난입하다	2
생이별하다	2
내보다	2
재우다	2
경주하다	2
시시콜콜한	2
세공하다	2
총망라하다	2
밟히다	2
격추되다	2
사사하다	2
맞장구치다	2
재발견하다	2
쇠다	2
배분되다	2
열창하다	2
못된	2
문제	2
절상하다	2
공인받다	2
양념하다	2
시집보내다	2
동문서답하다	2
젖혀지다	2
다듬어지다	2
집합하다	2
쪼들리다	2
기입하다	2
치환하다	2
아닌가."	2
맞부딪다	2
빗기다	2
꺾어지다	2
마취하다	2
흉측하다	2
조달되다	2
해산시키다	2
중차대하다	2
횡보하다	2
재가입하다	2
킁킁거리다	2
멈칫하다	2
폐관하다	2
불려가	2
로비하다	2
종속되다	2
칙칙하다	2
화내다	2
통곡하다	2
정답다	2
부상당하다	2
할복하다	2
월북하다	2
주입되다	2
제압당하다	2
주체하다	2
따분하다	2
겁먹다	2
인가되다	2
폐간되다	2
재천명하다	2
조화시켜	2
재해석되다	2
뒤서다	2
보완되다	2
퍼주는	2
북받치다	2
존경받다	2
뇌까리다	2
분실하다	2
이전시키다	2
쟁점화하다	2
시집오다	2
갹출하다	2
냉동하다	2
유야무야되다	2
극악하다	2
심문하다	2
논증하다	2
절취하다	2
꿈같다	2
따사롭다	2
감소되다	2
활성화되지	2
혼재되다	2
앗아가다	2
부산하다	2
후퇴시키다	2
등기하다	2
등판	2
음란하다	2
추인하다	2
약속드린다"고	2
원상회복하다	2
바느질하다	2
고용	2
침투시키다	2
알려	2
발현되다	2
질퍽하다	2
급진전하다	2
골절되다	2
점프하다	2
면책받다	2
시술하다	2
교육시키다	2
퍼내다	2
배출시키다	2
숙성시키다	2
정진	2
자성하다	2
찢어지다	2
증편하다	2
매만지다	2
내려치다	2
가만두다	2
손쓰다	2
경건하다	2
저술하다	2
우쭐하다	2
수련하다	2
펄럭이다	2
우려	2
발주되다	2
이장하다	2
실천되다	2
사유하다	2
홍보	2
제소되다	2
설득시키다	2
황홀하다	2
고색창연하다	2
갈라놓다	2
떼쓰다	2
투덜거리다	2
사면되다	2
성장시키는	2
소란하다	2
자급자족하다	2
진주하다	2
기부되다	2
찬탄하다	2
희화화하다	2
내려보내다	2
꿈틀거리다	2
방랑하다	2
추징되다	2
환수되다	2
비공개하다	2
억울해할	2
생뚱맞다	2
순치되다	2
돋아나다	2
보편화할	2
재선되다	2
통과	2
합격	2
안절부절못하다	2
북적거리다	2
폭파되다	2
자원하다	2
납치당하다	2
급사하다	2
지혜롭다	2
마뜩하다	2
질펀하다	2
봉직하다	2
계획	2
완고하다	2
패망하다	2
울긋불긋하다	2
수학하다	2
달리하며	2
곧추세우다	2
구제받다	2
진력하다	2
절다	2
수없다	2
안녕하다	2
들고일어나다	2
가산되다	2
자만하다	2
매치하다	2
신나다	2
튼실하다	2
재판매하다	2
감면받다	2
계약	2
저하하다	2
청량하다	2
유의미하다	2
트레이드하다	2
선진화하다	2
호화롭다	2
깔깔대다	2
고무시키다	2
실측하다	2
보호되다	2
농성하다	2
얄팍하다	2
굽신대다	2
갸름하다	2
성안하다	2
수축하다	2
성원하다	2
잘못	2
계류하다	2
공매도하다	2
두문불출하다	2
독립	2
위임받다	2
선정	2
가중하다	2
미스터리한	2
분업화되다	2
옥신각신하다	2
팔팔하다	2
청결하다	2
신청되다	2
너무하다	2
치하하다	2
출고되다	2
우람하다	2
습관화하다	2
간수하다	2
이간질하다	2
간행하다	2
개조되다	2
조그마하다	2
떠벌리다	2
군색하다	2
분쇄하다	2
환대하다	2
동정하다	2
호형호제하다	2
급파되다	2
아기자기하다	2
복합되다	2
직역하다	2
발췌하다	2
대견스럽다	2
재개발되다	2
개항하다	2
영도하다	2
올라앉다	2
승화시키다	2
일치단결하다	2
수치화하다	2
다음하다	2
재개발하다	2
떠나오다	2
교차시키다	2
저급하다	2
비정하다	2
한잔하다	2
주춤대다	2
긁히다	2
불과	2
탐독하다	2
말끔하다	2
인솔하다	2
이원화하다	2
분석	2
치료되다	2
심상찮다	2
학대받다	2
연속하다	2
온유하다	2
시원스럽다	2
과소평가되다	2
갈고닦다	2
둔하다	2
하강하다	2
도박하다	2
순종하다	2
파계하다	2
부축하다	2
개사하다	2
뒤쳐지다	2
안온하다	2
방전되다	2
기습하다	2
최적화시키다	2
히트시키다	2
판정하다	2
조각되다	2
보편화되지	2
결재하다	2
선량하다	2
계승되다	2
재생산하다	2
소개받다	2
수배되다	2
복잡다단하다	2
잡담하다	2
책봉하다	2
궁색하다	2
개봉되다	2
안배하다	2
허가받다	2
무시당하다	2
메꾸다	2
결합시키다	2
위촉	2
최대하다	2
실시	2
언짢다	2
지극하다	2
겸허하다	2
힐끗거리다	2
재출간하다	2
다정다감하다	2
출중하다	2
용접하다	2
습격하다	2
관광하다	2
재조명받다	2
히트하다	2
넘어뜨리다	2
강행되다	2
고학하다	2
미개하다	2
우연하다	2
사육되다	2
따끈하다	2
새겨듣다	2
믿음직스럽다	2
야무지다	2
제지당하다	2
재활용되다	2
통고하다	2
숙성하다	2
그윽하다	2
시원시원하다	2
경솔하다	2
청빈하다	2
준우승하다	2
흠잡다	2
문제없다	2
노후화되다	2
기침하다	2
상승시키다	2
번잡하다	2
뽀얗다	2
클로즈업되다	2
미심쩍다	2
감점되다	2
연합하다	2
면접하다	2
미납하다	2
종주하다	2
주저앉히다	2
수줍다	2
표기되다	2
남파되다	2
압사하다	2
털털하다	2
몽롱하다	2
귀담아듣다	2
예스럽다	2
자책하다	2
환기하다	2
안치다	2
출자	2
체납하다	2
광범하다	2
얽매다	2
주리다	2
차감하다	2
결항하다	2
갸웃거리다	2
도외시하다	2
종식되다	2
침통하다	2
합사되다	2
골다	2
강건하다	2
난자하다	2
심란하다	2
수업하다	2
뭉툭하다	2
교사하다	2
몰아쉬다	2
탈북하다	2
기고	2
인계되다	2
면직하다	2
영화화되다	2
하달되다	2
헐뜯다	2
홀쭉하다	2
우다	2
애송되다	2
샘솟다	2
빨개지다	2
직거래하다	2
비아냥거리다	2
채근하다	2
뒤섞다	2
타박하다	2
쑤시다	2
골병들다	2
비열하다	2
회람되다	2
얕잡다	2
명징하다	2
재정립되다	2
별거하다	2
차디차다	2
손해나다	2
협박당하다	2
형식화되다	2
허기지다	2
촉진되다	2
탐험하다	2
이용	2
발진하다	2
헛돌다	2
빛내다	2
이직하다	2
응축되다	2
입지하다	2
거두절미하다	2
꼿꼿하다	2
환원시키다	2
서둘다	2
접목되다	2
확대시키다	2
응당하다	2
실증하다	2
번지르르하다	2
소집	2
입감되다	2
해제	2
숙의하다	2
교란되다	2
자동화하다	2
회개하다	2
말라비틀어지다	2
신축되다	2
찰랑거리다	2
따끔하다	2
달가워하다	2
비만하다	2
착복하다	2
네모나다	2
약화하다	2
감경하다	2
임대	2
전달	2
고급화되다	2
갱신하면서	2
미봉하다	2
다리다	2
탈락되다	2
휴장하다	2
급진하다	2
격찬하다	2
출연	2
송부하다	2
탕감받다	2
까지다	2
천천하다	2
불같다	2
마땅찮다	2
난파되다	2
취합되다	2
아웃소싱하다	2
욱신거리다	2
뻔뻔스럽다	2
환골탈태하다	2
부정되다	2
부적격하다	2
입주시키다	2
가상하다	2
감정하다	2
겁나다	2
침략당하다	2
텁텁하다	2
둘러메다	2
아로새기다	2
발족시키다	2
남발되다	2
자자하다	2
입고되다	2
열등하다	2
마사지하다	2
고집스럽다	2
포함	2
복간하다	2
양성되다	2
손가락질하다	2
극렬하다	2
집적거리다	2
우러나오다	2
할퀴다	2
답파하다	2
등록시키다	2
떠보다	2
김빠지다	2
속단하다	2
못살다	2
아둔하다	2
저미다	2
탈세하다	2
뜯기다	2
변상하다	1
끼룩대다	1
난망하다	1
행군하다	1
성립시키다	1
보관	1
접근·열람한	1
입교되다	1
양상하다	1
시뻘겋다	1
어금버금하다	1
배합되다	1
숙성되다	1
끈적이다	1
정수하다	1
탈선하다	1
전락시키다	1
가져보다	1
재출범한	1
좌정하다	1
포개다	1
천거되다	1
상심하다	1
기공되다	1
쓰리다	1
피로하다	1
배격하다	1
마뜩찮다	1
해킹됐다는	1
끔벅하다	1
뜨악하다	1
거치하다	1
끼적이다	1
오그라들다	1
기상천외하다	1
휴진하다	1
필요없다	1
소속시키다	1
모욕당하다	1
'차가운'	1
입막음하다	1
축소	1
일소하다	1
도금하다	1
직접하는	1
잡아채다	1
놀러오	1
물렁하다	1
질기다	1
경감하다	1
호선하다	1
'대독'시켰기	1
펀하다	1
출범	1
추도하다	1
재입사하다	1
침입	1
바꿈하다	1
격상시켰다	1
답신하다	1
몸낮춘	1
재검토되다	1
켜지다	1
팔씨름하다	1
자찬하다	1
외면	1
노크하다	1
새출발하다	1
이러쿵저러쿵하다	1
확고부동하다	1
보직해임됐다	1
부채질한다"고	1
해고시키다	1
청정하다	1
거칠어지다	1
기화하다	1
자칭하다	1
덧긋다	1
흐트러뜨리다	1
억압받다	1
통칭되다	1
쳐들어오다	1
교정되다	1
꼼지락거리다	1
어쭙잖다	1
가뿐하다	1
다양화되고	1
전출하다	1
연희하다	1
녹록잖아	1
무성의하다	1
암거래하다	1
할당되다	1
유약하다	1
토착화하다	1
파직되다	1
만성화하다	1
광대	1
투옥하다	1
귀국시키고	1
거슬리다	1
배정(증차)해	1
증차하다	1
납작하다	1
미끄러뜨리다	1
이관	1
폐지	1
늘려가겠다"고	1
'수도승다운	1
서원하다	1
옭아매다	1
진출	1
시스템화한다	1
쪼다	1
존엄하다	1
정상화될수도"	1
부의하다	1
시정되다	1
모금되다	1
최소하다	1
적대시하다	1
애먹다	1
부탁드리다	1
재확인되다	1
건조시키다	1
편식하다	1
위태로움	1
설교하다	1
랑비(낭비)한	1
겨누자'	1
합의	1
양성화하다	1
삭히다	1
탁본하다	1
희망차다	1
숙청되다	1
수행	1
구입	1
적재하다	1
건들다	1
우수	1
징계	1
정직	1
헛돌리다	1
갸륵하다	1
펄떡이다	1
부쉈다고	1
일어났다가도	1
규정짓다	1
입장시키다	1
편력하다	1
헌정하다	1
정주하다	1
남루하다	1
들이받히다	1
가입	1
부결시키는	1
구걸하다	1
향긋해	1
자맥질하다	1
저술되다	1
침전시키다	1
노닐다	1
투영-되다	1
파산할	1
가열하다	1
성가하다	1
재창출하다	1
방해	1
펄럭거리다	1
엄수되다	1
'우울한	1
입력받다	1
뛰어보	1
무장	1
열람시켰다	1
훼손	1
물타기하다	1
하나되더라	1
불룩하다	1
피란하다	1
증파하다	1
이어하다	1
재가동하기로	1
가로놓이다	1
중징계하다	1
기업하다	1
참석시키다	1
결부하다	1
소득하위	1
출렁거리다	1
주유하다	1
완투하다	1
통보	1
변제하다	1
받아내다	1
고쳐먹다	1
곯아떨어지다	1
느물거리다	1
무량하다	1
뒤집어엎다	1
소진시킵니다	1
자위하다	1
취침하다	1
거듭	1
용맹하다	1
하차	1
개벽하다	1
제도화됐다	1
기름튀기하다	1
성마르다	1
달궈졌다	1
합치하다	1
오픈	1
추동되다	1
변경시키다	1
식민지화하다	1
병탄하다	1
내맡기다	1
출당되다	1
구리다	1
언급	1
갸웃할	1
구박하다	1
못하겠어요."	1
웅성이	1
대표 주인	1
학살당하다	1
친견하다	1
밀봉되다	1
기거하다	1
변성하다	1
특이	1
간호하다	1
의무화시키다	1
굴절되다	1
발령받다	1
호의호식하다	1
영악하다	1
하려하다	1
상찬하다	1
떨어트리다	1
집중배치하다	1
주하다	1
말하되다	1
검박하다	1
실존하다	1
살인하다	1
신승하다	1
부자연스럽다	1
우경화되다	1
궁박하다	1
너끈하다	1
요구	1
분납하다	1
뒷조사하다	1
입선되다	1
감하다	1
좌선하다	1
참선하다	1
과대평가되다	1
성장	1
타진	1
으슥하다	1
때맞추다	1
불구경하다	1
과분하다	1
부수되다	1
도포하다	1
연소하다	1
채용	1
흘러넘치다	1
교착되다	1
우승시키다	1
몰락시키다	1
개명-되다	1
상환되다	1
단순화한	1
심사받게	1
밀입국하다	1
판독되다	1
조각나다	1
해당	1
병기하다	1
부결	1
이제와서	1
모던하다	1
쾌승하다	1
곡학아세하다	1
척살하다	1
현명	1
세팅하다	1
초과되다	1
목메다	1
동질화되다	1
다행이다	1
배설하다	1
셋방살이하다	1
도달되다	1
폐위하다	1
노골화하다	1
기절하다	1
낙심하다	1
둘러쓰다	1
모나다	1
합격시키다	1
출당하다	1
유린당하다	1
학수고대하다	1
달리기는	1
결번되다	1
크랭크인해서	1
완전	1
재추진하다	1
허가되다	1
밀반출하다	1
불러모으다	1
들고나가다	1
퇴고하다	1
안정화해야	1
퇴장시키다	1
냉엄하다	1
밀어닥치다	1
옮아붙는	1
빨랐을	1
울려오다	1
잠재하다	1
기망하다	1
소멸시키려는	1
파쇄되다	1
적립	1
장중하다	1
잔인해	1
선적하다	1
분화한	1
분화하다	1
이전	1
실성하다	1
걱정	1
의심받다	1
역할한다	1
파병되다	1
능수능란하다	1
암호화한	1
출현시키다	1
격화시키다	1
독립시킨	1
줄달음치다	1
기고만장하다	1
선택	1
물맞이하다	1
무성허다	1
합리하다	1
졸아들다	1
싹싹하다	1
재충전하다	1
낭패스럽다	1
재개	1
높푸르다	1
탐나다	1
의뢰되다	1
태연자약하다	1
전진시키다	1
유린되다	1
내다보이다	1
때늦다	1
해산	1
나누기란	1
예시하다	1
품절되다	1
어찌됐든	1
따듯하다	1
헤딩하듯	1
이탈되다	1
가맹하다	1
전력하다	1
도배되다	1
어지러워하	1
과도	1
일체화되다	1
묻어뒀다가	1
불손하다	1
가증스럽다	1
휴전하다	1
오인되다	1
봉인하다	1
감청하다	1
최소화되다	1
도살하다	1
논박하다	1
내려주	1
애국하다	1
양각되다	1
가쁘다	1
못되지만	1
휘몰다	1
하품하다	1
찌르르하다	1
증산하다	1
천변만화(千變萬化)했다	1
빵빵거리다	1
아녜요	1
마무리짓다	1
느릿느릿하다	1
불합격되다	1
재취업하다	1
부지하다	1
벙긋거리다	1
분만하다	1
훈육하다	1
'케이(K)팝	1
경매하다	1
짰다"고	1
틈나다	1
해결	1
환향하다	1
대범하다	1
곡해되다	1
아니다.'	1
재편	1
사회화되다	1
인식시키다	1
흘러오다	1
근대화하다	1
추락시켰다	1
맞물리다	1
정전하다	1
두려워하다	1
침해당하다	1
사장되다	1
아니야?'	1
투표	1
제막하다	1
그래서였습니다	1
여과하다	1
살해	1
억류	1
들고나오다	1
검검하며	1
제안	1
비누칠하다	1
충성스럽다	1
발라내다	1
심원하다	1
유통시키다	1
정화되다	1
독야청청하다	1
덧입히다	1
탈취되다	1
안됐다"고	1
몰살시켜	1
몰살당하다	1
소외당하다	1
부여	1
교섭하다	1
안분하다	1
뒷갈이하다	1
"씌어지지	1
미려하다	1
호전하다	1
불신임하다	1
질투하다	1
건배하다	1
유난하다	1
헤다	1
풀어드리	1
새파랗다	1
나라다운	1
부대끼다	1
유순하다	1
너절하다	1
번쩍거리다	1
킁킁대다	1
칭얼대다	1
시큰하다	1
어리광하다	1
선연하다	1
가지런하다	1
올록볼록하다	1
탄원하다	1
다변화되다	1
여쭸다	1
상고	1
현지화되다	1
삼가하다	1
생육하다	1
감응하다	1
돌출하다	1
서명되다	1
청구됐다	1
총살당하다	1
한량없다	1
거세하다	1
재정의했다	1
실각하다	1
개간하다	1
실각되다	1
실각시키다	1
약속안해"	1
'엎치락뒤치락'…벤치는	1
보편화되다	1
캄캄하다	1
국가안전위해	1
휴정하다	1
거동하다	1
구조화하다	1
첨삭되다	1
앳되다	1
유혹되다	1
죄짓다	1
개원	1
징징대다	1
우선	1
뺐거나	1
흘겨보다	1
착상하다	1
답방하다	1
참조	1
요격당하다	1
낙담하다	1
침울하다	1
청구	1
포화-되다	1
민감하하다	1
대변되지	1
묵살되다	1
고문	1
애끓다	1
도움되는	1
치러봤기	1
허황되다	1
어리숙하다	1
선거하다	1
이하다	1
영글다	1
굴뚝같다	1
'정직'하다	1
전임하다	1
포기시키다	1
착취하다	1
구애하다	1
총지휘하다	1
합장되다	1
'혼밥'하고	1
역차별하다	1
단지하다	1
혁신되다	1
찌그리다	1
영전시키다	1
영전하다	1
폭행당하다	1
개장되다	1
얹혀살다	1
가위질하고	1
요청받다	1
굳히다	1
정벌하다	1
발명되다	1
감염하다	1
교수	1
격퇴하다	1
희끗하다	1
못했지만	1
역할할듯	1
구축	1
염장하다	1
산입하다	1
이연하다	1
후회스럽다	1
보고	1
부정확	1
침체하다	1
발족되다	1
포화하다	1
중계되다	1
해독되다	1
푸르르다	1
유복하다	1
착수되다	1
얽히다	1
살수하다	1
증가되다	1
강판-되다	1
격려	1
시장하다	1
웅얼거리다	1
선물받다	1
재배당하다	1
약속드리다	1
문답하다	1
꾸밈없다	1
휴교하다	1
빅하다	1
경배하다	1
들러붙다	1
걸어보	1
남모르다	1
습관화되다	1
뜨개질하다	1
관심받다	1
이죽거리다	1
개탄하다	1
말미암다	1
미안하다"	1
삐걱이고	1
톺아보다	1
들추어내다	1
입건	1
단절하다	1
현금화되다	1
드세요"…	1
천거하다	1
딸깍하다	1
급팽창하다	1
결판나다	1
합당되다	1
천박무도하다	1
쏘아보다	1
짓찧다	1
여닫히다	1
환생시키다	1
지수화하다	1
객관화되는	1
꿋꿋하다	1
배정받다	1
덧없다	1
총괄시키다	1
상속하다	1
결석하다	1
연면하다	1
모다	1
망쳐"	1
허송세월하다	1
완비하다	1
껴입다	1
방화하다	1
합력하다	1
재확립하고	1
노회하다	1
앞다투다	1
예시되다	1
비틀리다	1
글로벌화되다	1
통솔하다	1
납득되다	1
허접하다	1
까놓다	1
모욕당하는	1
근심하다	1
물색	1
비루하다	1
재녹화하다	1
고평가되다	1
기겁하다	1
경사지다	1
비탈지다	1
나발니…	1
참관시키다	1
움직이던	1
부의되다	1
역할하나	1
사죄드리다	1
합병시키다	1
복사되다	1
송수신하다	1
있다면서	1
아니니	1
닥달하니	1
정해줘	1
동결시키는	1
기항하다	1
농후하다	1
구독하다	1
굶기다	1
전수되다	1
단순화해서	1
문서화하다	1
혼쭐내다	1
전보하다	1
당선시켰던	1
개척되다	1
쓴듯"	1
의문시되다	1
미흡	1
암약하다	1
중화시키다	1
동감하다	1
단독처리하	1
만료	1
얼버무리다	1
게양하다	1
발호하다	1
관계하다	1
멸시하다	1
우범화되다	1
어슷비슷하다	1
거대	1
밀착시키다	1
오래되거나	1
들이켜다	1
일별하다	1
종합되다	1
철하다	1
넘쳐흐르다	1
실험되다	1
자취하다	1
묽다	1
준엄하다	1
분류	1
폐지해온	1
합류시키다	1
붕괴시키겠다고	1
붕괴시키겠다는	1
긷다	1
팔락이다	1
발기되다	1
교만하다	1
늠름하다	1
넉넉잡다	1
등록	1
뭐이다	1
거들먹거리다	1
합의처리하다	1
분산	1
분신하다	1
혼융되다	1
적화되다	1
어찌할꼬!	1
찬탈하다	1
능멸하다	1
뛰치다	1
덜해진다.	1
탄압받다	1
부순다네(United	1
정죄하다	1
왕성	1
반려되다	1
욕보이다	1
결속시키다	1
출발시키다	1
떨어뜨다	1
졸도하다	1
중요시되다	1
와신상담하다	1
드라마틱하다	1
취업	1
독학하다	1
갉다	1
무한	1
경쟁시키다	1
공고화하다	1
효율화한다'는	1
한국인 들 이	1
흥정되다	1
도전받다	1
'연설'하는	1
몰려다니다	1
간주해온	1
총결집하다	1
작용	1
운송되다	1
샤워하다	1
인화하다	1
동어반복이다.	1
창건되다	1
무참하다	1
봐야했다	1
반감하다	1
정들다	1
둘르다	1
흘러나가는	1
객사하다	1
간추리다	1
전문화하다	1
재작성하다	1
널브러지다	1
흐늘거리다	1
흔들거리다	1
떠내다	1
간취하다	1
발산되고	1
찰랑이다	1
달뜨다	1
승급시키다	1
고급화하다	1
오동통하다	1
연기	1
직수출하다	1
웃기다	1
차별받거든요	1
부담시키다	1
날름거리다	1
울먹거리다	1
손들다	1
엄밀하다	1
지속가능하다	1
도약	1
과신하다	1
웅변하다	1
비범하다	1
뛰어내리기	1
징벌하다	1
필하다	1
맡아주	1
자동탈당하다	1
숙연하다	1
해설되다	1
해설하다	1
보급	1
임명	1
반항하다	1
우겨넣다	1
자문	1
이야기되다	1
과민하다	1
초췌하다	1
훈방하다	1
자숙하다	1
압류	1
제고되다	1
합사되	1
가위질한	1
엎지르다	1
호통치다	1
비토했고	1
보고드리	1
듬직하다	1
부가되다	1
구인되다	1
던져두다	1
심사받다	1
암살당하다	1
직항하다	1
시무하다	1
전송	1
관련짓다	1
공증되다	1
검소하다	1
흥정하다	1
분할되다	1
예감되다	1
조여들다	1
화해시키다	1
검증받다	1
아리송하다	1
최우선시하기	1
석방시키다	1
방호하다	1
중무장하다	1
태연하다	1
담박하다	1
만개하다	1
재위하다	1
약술하다	1
점검	1
비밀스럽다	1
감탄스럽다	1
무덤덤하다	1
길항하다	1
부연하다	1
고생스럽다	1
불안	1
요구받다	1
들어앉다	1
갈음하다	1
치받다	1
제재	1
공방하다	1
시끌시끌하다	1
변경시켰다	1
재점화하다	1
결의되다	1
치켜올리다	1
잠복되다	1
매설되다	1
활동	1
웅성대다	1
소일하다	1
분가하다	1
옥사하다	1
삭이다	1
합자하다	1
우회시키는	1
호소드립니다."	1
보상되다	1
절뚝이다	1
창작되다	1
순결하다	1
소침하다	1
등등하다	1
의기양양하다	1
납득시키다	1
으르렁대다	1
정치하다	1
발표	1
도통하다	1
응모되다	1
통지되다	1
이감하다	1
굴착하다	1
반송되다	1
입성	1
탈바꿈시키다	1
추천	1
예측	1
경량화된	1
통치되다	1
닫아걸다	1
스트레칭하다	1
비교당하길	1
배수되다	1
배열되다	1
가능하다,	1
돌아와	1
천도하다	1
축원하다	1
왕생하다	1
편중하다	1
영속하다	1
무던하다	1
새콤하다	1
새까맣다	1
올려붙이다	1
들이치다	1
판정승하다	1
당겨치다	1
영민하다	1
체크인하다	1
구부정하다	1
어르다	1
전수받다	1
공수되다	1
군생하다	1
증강시키다	1
극대화시키다	1
우중충하다	1
괴멸하다	1
점령당하다	1
포위되다	1
지리멸렬되다	1
와해하다	1
정치도구화하는	1
백해무익하다	1
출력되다	1
퍼렇다	1
총평하	1
지고지순하다	1
폭등시키다	1
특수화된	1
구타하다	1
복창하다	1
상계하다	1
물건너가다	1
어여쁘다	1
뒤돌아서다	1
바삭하다	1
몰라다	1
단일하다	1
정체하다	1
유예시키다	1
정비	1
용해하다	1
인지되다	1
부끄러워하다	1
방기하다	1
점지하다	1
재결합하다	1
뀌다	1
순화되다	1
엄금하다	1
멈춰서	1
긴급	1
변조하다	1
해방시켰고	1
함락하다	1
멋쩍다	1
까딱하다	1
수술시키다	1
양육되다	1
정형화된	1
김용걸·김지영다운	1
촉망받다	1
독과점해오던	1
금연하다	1
뻥긋거리다	1
조직화하다	1
다함께/2부]<5·끝>	1
자극시키다	1
검안하다	1
능글능글하다	1
비난	1
거짓되다	1
입상하기	1
석연찮다고	1
이론화하다	1
모아들이다	1
전화질하다	1
국빈방문하다	1
쭈뼛쭈뼛하다	1
우물거리다	1
달콤새큼하다	1
장가보내다	1
어떡하다	1
작별하다	1
격앙하다	1
되씹다	1
동그래지다	1
출몰하다	1
밀수하다	1
보수화되다	1
확인	1
영화화하다	1
함께한대	1
전직하다	1
절필하다	1
쾌청하다	1
벋다	1
날갯짓하다	1
다가들다	1
이반하다	1
집대성되다	1
함몰되다	1
진료받다	1
구호하다	1
공격당하다	1
정밀타격할	1
넘겨지다	1
벌초하다	1
오붓하다	1
판가름하다	1
청혼하다	1
후미지다	1
기정사실화하면서	1
절뚝거리다	1
계량화하다	1
배가시키다	1
큼지막하다	1
구쁘다	1
오롯하다	1
재조사하다	1
발전	1
몰수되다	1
무단진입하다	1
진입	1
방사하다	1
애처롭다	1
증개축하다	1
묻히다	1
실다	1
동침하다	1
잘다	1
손실되다	1
못밝힌채…	1
탐문하다	1
흐지부지하다	1
범람하다	1
징글징글하다	1
까발리다	1
정면대응하다	1
분향하다	1
괄시하다	1
격리시키다	1
감형하다	1
리드미컬하다	1
합병	1
가물거리다	1
도와드리다	1
뭉클거리다	1
공동번역해	1
소용돌이치다	1
불유쾌하다	1
조탁하다	1
자유분방하다	1
출석시켜	1
백지위임하다	1
우회전하다	1
짜디짜다	1
지나다니다	1
향유되다	1
대출받으면	1
회계하다	1
동반플레이한	1
어떡하	1
명랑하다	1
대중화되면	1
출금하다	1
보양하다	1
역하다	1
사랑받아왔다	1
전력화하다	1
꿔준다	1
거북하다	1
나직하다	1
와일드하다	1
'사리함'	1
들어내다	1
뭉개지다	1
번뜩이다	1
경모하다	1
짜증스럽다	1
경박하다	1
적출하다	1
압송되다	1
취역하다	1
첨단화하다	1
가매장하다	1
피소되다	1
바꿨고요	1
후련하다	1
첨삭하다	1
탐방하다	1
피임하다	1
듯하 ㄴ	1
호언하다	1
잠가다	1
신청받다	1
몸바치다	1
말살되다	1
연유하다	1
조판하다	1
매치되다	1
앤티크한	1
심플한	1
생중계하다	1
대절하다	1
수장답	1
'신선하게'	1
배송되다	1
철회시키다	1
으슬으슬하다	1
한정판매하다	1
놀래키다	1
환영받다	1
행진	1
베팅하다	1
거뜬하다	1
온존되다	1
이사시키다	1
통행하다	1
조로하다	1
주최	1
참석	1
호환되다	1
팔딱이다	1
겁주다	1
만루포…기아	1
좇아오다	1
슬퍼하되다	1
미다	1
순매수	1
순매도하다	1
순매수하다	1
노동하다	1
낙낙하다	1
인터뷰한다고	1
경시되다	1
흐리멍덩하다	1
유지시키거나	1
장기화되며	1
갚아나가면	1
요청되다	1
개종하다	1
수장되다	1
수탈하다	1
의롭다	1
불티나다	1
순산하다	1
기죽이다	1
편애하다	1
강해서다	1
내리꽂다	1
목마르게	1
투사되다	1
고도화해	1
파열시키다	1
몰라주다	1
음침하다	1
완결되다	1
침수하다	1
개최	1
선광하다	1
제련하다	1
모이다	1
향진시키는	1
피크닉하	1
피폭되다	1
시행	1
파생되다	1
감당	1
얘기되다	1
지탱되다	1
유포	1
호방하다	1
간여돼	1
봉양하다	1
진상하다	1
떠먹다	1
세배하다	1
세팅되다	1
신성시하다	1
심기다	1
없어지다	1
파멸하다	1
청소되다	1
생경하다	1
절단되다	1
무력화시켰다	1
엄선해'잡월드	1
업그레이드시키다	1
복무시키는	1
병사하다	1
분리	1
쓰디쓰다	1
수혈하다	1
암만하다	1
배경하다	1
설어하지	1
용솟음치다	1
깨어지다	1
밀고하다	1
간통하다	1
주상하다	1
훔쳐가다	1
대기시키다	1
착용시키다	1
청해진해운	1
얼떨떨하하다	1
구석지다	1
힘들이다	1
정정당당하다	1
말소되다	1
울적하다	1
해고	1
역동하다	1
우글거리다	1
추리하다	1
감경되다	1
불이행하다	1
도입	1
급강하하다	1
상처받지	1
집중화되다	1
물갈이되다	1
헛디디다	1
혼절하다	1
뒤범벅되다	1
밀리어네어'(빈민굴	1
코치하다	1
리다	1
검증	1
일원화해	1
짝짓고	1
퇴거하다	1
개악되다	1
앙칼지다	1
덜렁거리다	1
굽어보다	1
고무하다	1
철시하다	1
피난하다	1
베이다	1
참석시킨	1
때려치우다	1
졸업	1
역추적하다	1
지참하다	1
교환	1
헛걸음하다	1
들어앉히다	1
담수화하다	1
재수출하다	1
관련	1
오도되다	1
웅혼하다	1
산재되다	1
태업하다	1
덩이지다	1
신령하다	1
숭배되다	1
우뚝하다	1
검열당하다	1
사형되다	1
재평가하다	1
조밀하다	1
범퇴하다	1
광고	1
착실하다	1
교습하다	1
득실하다	1
정복되다	1
들어줄지는	1
대독하다	1
대독시키다	1
늘이다	1
반의하다	1
맹훈련하다	1
상견하다	1
까마득하다	1
똘똘하다	1
들이쉬다	1
이겨내다	1
자신만만하다	1
공영하다	1
회춘하다	1
출항시키다	1
무효하다	1
재선시켜	1
만나다'는	1
'변장'한	1
특성화할	1
뛰어보고	1
드높다	1
대립	1
유머러스하다	1
지칭되다	1
까부수다	1
갈채하다	1
괴리되다	1
출병하다	1
이뤄졌나'이다	1
리포트하	1
연관짓다	1
함축되다	1
오픈되다	1
'위임받은'	1
차별화시키다	1
사랑	1
회군하다	1
조감하다	1
결합시킨	1
아른거리다	1
넙적해질	1
수더분하다	1
점거되다	1
수혈되다	1
내려뜨리다	1
깨트리다	1
현전하다	1
늘어뜨리다	1
체험	1
말랑말랑하다	1
올해	1
따라잡히다	1
저렇다	1
술렁거리다	1
미안	1
제기다	1
변용하다	1
'정직'해야	1
채우기에는	1
북돋다	1
통절하다	1
존중	1
이축하다	1
기어가다	1
심술부리다	1
탱탱하다	1
파래지다	1
등분	1
우려내다	1
갈아두면	1
완숙되다	1
전화	1
못잖다	1
오래하다	1
급감한다는	1
스타일링하다	1
커버하다	1
공고화되다	1
출시	1
주목	1
채비하다	1
이체됐는지를	1
사위다	1
예지하다	1
여울지다	1
뵈수	1
개폐되다	1
출출하다	1
조직화돼서	1
호출되다	1
어시스트하다	1
증발하다	1
교부되다	1
부시다	1
비판	1
일정	1
분풀이하다	1
티오프하다	1
부인되다	1
복받치다	1
진전하다	1
정화시키다	1
도닥이다	1
비릿하다	1
상쾌함	1
연소시키다	1
폐차되다	1
어떻하다	1
퇴학하다	1
퇴학당하다	1
입영되다	1
억지하다	1
대기다	1
배은망덕하다	1
기어들다	1
취조하다	1
출마시키다	1
추계되다	1
혼비백산하다	1
피신시키다	1
노하다	1
둔감하다	1
제창하다	1
전사되다	1
빼물다	1
실직당하다	1
연동되다	1
감탄시키다	1
분권하다	1
소이부답하다	1
보송보송하다	1
전속하다	1
특화시킨	1
앞서나갔다는	1
일궈내겠다"고	1
재돌입하다	1
정연하다	1
현대화하다	1
대견하다	1
공박하다	1
추격되다	1
점증시키고	1
염치없다	1
재활하다	1
재이전되다	1
낙향하다	1
궁핍하다	1
소외시키다	1
미적거리다	1
가로젓다	1
동동거리다	1
홀짝이다	1
완간되다	1
외상하다	1
격변하다	1
힘닿다	1
피폐화하다	1
회수	1
기각당하다	1
'그래도	1
실추시키다	1
제명시키다	1
유학시키다	1
경애하다	1
자랑차다	1
후줄근하다	1
억압당하다	1
물려라"	1
목적하다	1
표류	1
이번	1
다각화되다	1
도킹하다	1
가속시키다	1
내려서다	1
"'행동하는	1
소성하다	1
숙제하다	1
산책시키다	1
송달되다	1
'예술=아름다움'이던가?	1
어둡하다	1
살찌다	1
소화시키고	1
살균하다	1
치이다	1
무엇하다	1
총회하다	1
'캄보디아-아름다운	1
복상사하다	1
키득대다	1
전용해다	1
환생하다	1
어슴푸레하다	1
표본화되다	1
대출되다	1
가위눌리다	1
밀매하다	1
격발되다	1
몰살되다	1
단죄되다	1
통사정하다	1
명예퇴진하다	1
명예스럽다	1
실기하다	1
계발하다	1
요양하다	1
쌓아간다	1
보드랍다	1
직위해제시키고	1
속박되다	1
숙독하다	1
간소화한	1
사탕발림하려	1
빳빳하다	1
싸움하다	1
후들거리다	1
불가능하지는	1
분해되다	1
잔존하다	1
리플레이해서	1
한숨짓다	1
달갑잖다	1
동부하다	1
풀가동하다	1
격침시키다	1
작전하다	1
가상격침시키다	1
못주다	1
편입시켰다	1
송신받다	1
예언하는	1
혼돈되다	1
추단하다	1
압송하다	1
송금받다	1
매집하다	1
원조하다	1
강탈당하다	1
출어하다	1
귀항하다	1
사업하다	1
유장하다	1
삭다	1
극진하다	1
수감	1
전산화하다	1
내리붓다	1
경호하다	1
공유되다	1
좌절시키다	1
시꺼멓다	1
심술궂다	1
백의종군하다	1
소실하다	1
변성되다	1
배반되다	1
전보조치되다	1
전이하다	1
주조하다	1
봄답지	1
휩쓸리다	1
시달하다	1
피격되다	1
수거되다	1
살신성인하다	1
패대기치다	1
초청받다	1
인색했기	1
퍼-주다	1
비선	1
밀수입하다	1
위치시키다	1
전횡하다	1
결방하다	1
매도	1
질식사하다	1
노골화되다	1
일치시키다	1
사늘하다	1
대처	1
끝장나다	1
검색되다	1
소형화하다	1
신실하다	1
손찌검하다	1
출강하다	1
이전시켜	1
확정	1
부흥하다	1
도시화하다	1
발진시키다	1
까뒤집다	1
경신되다	1
흥분시켜	1
하향조정되다	1
난감하더라"고	1
분절되다	1
거부해온	1
다양화됐다.	1
비뚤어지다	1
존립하다	1
탐지되다	1
복제	1
추앙받다	1
우직스럽다	1
미천하다	1
고취시키다	1
글로벌화하다	1
진보되다	1
치키다	1
폴크스바겐답게	1
획정하다	1
수납하다	1
터트리다	1
북진하다	1
승하하다	1
자멸하다	1
재의하다	1
가결	1
과장	1
링크하다	1
부득이하다	1
봉환하다	1
행사되다	1
불효하다	1
왜곡시키다	1
쩌렁쩌렁하다	1
시위하다	1
그로테스크하다	1
저다	1
유류할증료는	1
월경시키려	1
새나다	1
기증받다	1
시기하다	1
상쇄되다	1
재확인받다	1
약삭빠르다	1
구동되다	1
언명하다	1
까무잡잡하다	1
응어리지다	1
들어보이다	1
미끈거리다	1
고꾸라지다	1
압도되다	1
내리받다	1
부담스러워하다	1
접질리다	1
파산시키다	1
은폐	1
확진하다	1
유지	1
혼동되다	1
빨아먹다	1
붙어살다	1
들어보다	1
보은	1
고도화되다	1
출시키로	1
애지중지하다	1
일원화한다	1
일원화된다	1
재배치되다	1
입궐하다	1
효성스럽다	1
하사하다	1
길하다	1
진중하다	1
분점하다	1
배제시키다	1
급증	1
기여	1
적발당하다	1
주무시다	1
보전되다	1
벌목하다	1
기기묘묘하다	1
불멸하다	1
직사하다	1
절하는	1
평가절상됐다	1
절상-되다	1
연착륙시키다	1
엎다	1
뒤적이다	1
스크랩하다	1
발길질하다	1
반영시키다	1
호들갑스럽다	1
이만저만하다	1
계승	1
집결시키다	1
가설되다	1
시연되다	1
이원화되다	1
복개하다	1
쓸어담다	1
띵하다	1
답답하하다	1
찌릿찌릿하다	1
따끔거리다	1
개회하다	1
퇴화되다	1
급제동하다	1
부설하다	1
건조되다	1
도장하다	1
합치되다	1
발본색원하다	1
궤멸하다	1
동행	1
끽끽거리다	1
샛노랗다	1
곧이들리다	1
배척되다	1
폭침시키는	1
포위당하다	1
전속되다	1
포근하다	1
오버랩되다	1
재시공하다	1
무능력하다	1
맹공하다	1
작정하다	1
반죽하다	1
약혼하다	1
지불다	1
초롱초롱하다	1
혼합시키다	1
지령하다	1
유권해석하다	1
허위납입하다	1
등교시키다	1
봉합되다	1
벌게지다	1
벌겋다	1
소매하다	1
개작하다	1
무대화되다	1
남장하다	1
공감받다	1
포동포동한	1
낙착되다	1
눌러앉다	1
방목하다	1
폭식하다	1
방임하다	1
미루어지	1
조각내다	1
이식되다	1
낭자하다	1
벌주다	1
눈속임하다	1
괴사하다	1
납작해지고	1
달착지근하다	1
아삭아삭하다	1
물컹하다	1
격침되다	1
속죄하다	1
마감	1
오용하다	1
사퇴시키다	1
좌지우지되다	1
몸싸움하다	1
전학시키다	1
부숴지다	1
얄궂다	1
남진하다	1
전해듣	1
소스라치다	1
덥수룩하다	1
교란시키고	1
청순하다	1
폐차하다	1
북서진하는	1
유도	1
저금하다	1
재활용될	1
연구되다	1
축제하다	1
획일화된	1
불허되다	1
서비스되다	1
항고하다	1
네모지다	1
큼큼하다	1
고릿하다	1
눅눅하다	1
매달아두	1
되직하다	1
곰삭다	1
쭈글쭈글하다	1
칼칼하다	1
간간하다	1
기웃하다	1
구속시키다	1
받히다	1
실용화하다	1
구부러지다	1
만행하다	1
채색되다	1
빌어먹다	1
낮잡다	1
규명	1
자급하다	1
재격돌하다	1
강론하다	1
축복하다	1
입맞춤하다	1
성폭행당하다	1
예비하다	1
습작하다	1
거명되다	1
복직되다	1
품평하다	1
방일하다	1
증차되다	1
연파하다	1
썩이다	1
하염없다	1
망연자실하다	1
일변하다	1
협상	1
통제	1
재질의하다	1
역지사지하다	1
객관화되다	1
오용되다	1
마다	1
용납돼선	1
의사소통하다	1
주정하다	1
괄목상대하다	1
눌러보다	1
깨물어보고	1
다사다난하다	1
단순화시켜선	1
파면당하다	1
상환받다	1
점등하다	1
봉쇄되다	1
적어지다	1
감점하다	1
맵싸하다	1
연애	1
찬미하다	1
완파되다	1
반파되다	1
튕겨나가거나	1
느껴졌지만	1
입점시키며	1
갑론을박하다	1
복제되다	1
유구하다	1
수복되다	1
정하되다	1
테스트받다	1
승급되다	1
체크되다	1
도축하다	1
살처분하다	1
사형하다	1
기죽다	1
제거	1
못미쳐"	1
과대하다	1
정회하다	1
이쁘장하다	1
벗어제끼다	1
뉴타운	1
이슥하다	1
거치적거리다	1
사야겠다는	1
곤두박질하다	1
확대	1
의무화되다	1
저열하다	1
매우다	1
건강	1
서구화되다	1
재방송하다	1
압수당하다	1
경영되다	1
엉성하다	1
재검토	1
돌아다보다	1
급제하다	1
나포되다	1
제도화되고	1
흘려듣다	1
박해받다	1
차별당하다	1
시승하다	1
질하다	1
당부드리다	1
퇴조하다	1
질척하다	1
여물다	1
질다	1
각성하다	1
되감다	1
빠뜨리다	1
실용화되다	1
작동시키다	1
말랑하다	1
합작	1
경호받다	1
처분되다	1
퉁기다	1
증자하다	1
합성되다	1
게우다	1
긴장시키다	1
다이어트하다	1
소화시키다	1
증가	1
둘러줬다	1
힐끔거리다	1
'점령'당하자	1
꺼림칙하다	1
보도했었다	1
팔짝거리다	1
생활화되다	1
동업하다	1
퉁명하다	1
얼쩡거리다	1
수상	1
결혼	1
완벽	1
완비되다	1
소하다	1
보증받다	1
뒤집히다	1
드라이하다	1
개설	1
유랑하다	1
왈가왈부하다	1
설명드리다	1
시큼하다	1
통할하다	1
심드렁하다	1
납시다	1
편집·배치되어	1
재협상하다	1
리얼하다	1
명멸하다	1
바라다보이다	1
월경하다	1
탄핵되	1
깁다	1
잘못됐을까	1
이양되다	1
상설화돼	1
탄로되다	1
야심만만하다	1
연동되어	1
표면화하다	1
잡혀가다	1
내실화되다	1
효수하다	1
상해하다	1
책동하다	1
다불렀다세우다	1
소관하	1
담임하다	1
스케치하다	1
연민하다	1
채굴되다	1
추출되다	1
반응되다	1
쪼그리다	1
간구하다	1
연극하다	1
언제할지	1
대통령답	1
최대화하다	1
공론하다	1
둔갑시키다	1
견결하다	1
졸렬하다	1
신비롭다	1
증발되다	1
발그레하다	1
업데이트되다	1
자극받다	1
초래할"	1
반발	1
접안하다	1
카다	1
뒤치다꺼리하다	1
마크하다	1
시커메지다	1
북송되다	1
합산되다	1
들락대다	1
시켜보다	1
해주다	1
다야	1
힘내다	1
물갈이되	1
이야기하리오.(却話巴山夜雨時)"	1
숙식하다	1
자살	1
자유화하다	1
의인화하다	1
호명되다	1
물오르다	1
지배	1
아니다?	1
개관되다	1
상통하다	1
변경	1
통합시키는	1
뭐해.	1
명퇴당하다	1
자학하다	1
다하는데도	1
원상복귀했다"며	1
결자해지하다	1
도태하다	1
판정패하다	1
욱일승천하다	1
곁눈질하다	1
연기시키다	1
굴복시키다	1
호언장담하다	1
경연하다	1
조종	1
박음질하다	1
빗다	1
희생당하다	1
존귀하다	1
번들거리다	1
아니었다?	1
착수	1
결사반대하다	1
받쳐줘	1
규율하다	1
포기되다	1
퇴치되다	1
기사회생하다	1
중후하다	1
원천봉쇄하다	1
온데간데없다	1
처넣다	1
나몰라라	1
잡아넣다	1
전문하다	1
순박하다	1
바람나다	1
불과했을	1
동사하다	1
조롱당하다	1
꿰맞추다	1
누진하다	1
진귀하다	1
눈치보다	1
범상하다	1
채납되다	1
양여하다	1
빼들었다는	1
낙오되다	1
경비하다	1
청원하다	1
싸지르다	1
출장	1
뭐하다	1
회람시키다	1
무엄하다	1
지레짐작하다	1
누적시키다	1
폐지할	1
권고…제정할까	1
제청되다	1
못해준	1
후회되다	1
바러다	1
세놓다	1
매도당하다	1
함양하다	1
방사되다	1
달궈지는	1
분단되다	1
아사하다	1
우려먹다	1
말씀	1
긴축하다	1
끊어내지	1
발신하다	1
교란시키다	1
보토하다	1
고착하다	1
귀결하다	1
구사되다	1
상호작용하다	1
상쾌해져요."	1
끝내주다	1
놀고먹다	1
익살맞다	1
차폐되다	1
결원되다	1
안심되다	1
통성명하다	1
기어오르다	1
사치스럽다	1
개표되다	1
강판되다	1
절전하다	1
백지화되고,	1
예습하다	1
전래되다	1
걸어볼	1
대주	1
'어억'하고	1
조준되다	1
정찰하다	1
특수	1
존경	1
삼분되다	1
안밝히기로	1
감액·반품시킨	1
재논의하다	1
대서특필-되다	1
아니냐"(김영환)	1
접속되다	1
공사하다	1
낙후했지만	1
불법주차된	1
교미하다	1
잠항하다	1
에워싸이다	1
농탕치다	1
살상하다	1
생포하다	1
낙찰받았다	1
맞교환하다	1
귀납하다	1
각지다	1
뜻있다	1
건강해졌다	1
선착하다	1
단종하다	1
천진무구하다	1
나무하다	1
권청하다	1
해먹었고	1
불출하다	1
제도하다	1
드르렁거리다	1
풍요하다	1
명상하다	1
자빠지다	1
채식하다	1
해주십시오.	1
공용화하다	1
집어던지다	1
짓무르다	1
멋모르다	1
무거워지다	1
따르하다	1
프린트되다	1
파생하다	1
급랭하다	1
뒤흔들리다	1
날조되다	1
날조해낸	1
깜박하다	1
콜록거리다	1
둘째가다	1
감면되다	1
방영	1
진군하다	1
과대평가하다	1
누수되다	1
손질되다	1
초토화하자는	1
공원화하기로	1
앙등하다	1
보정하다	1
꼬질꼬질하다	1
수감하다	1
창조되다	1
맹연습하다	1
꺼리하다	1
담지-하다	1
농락되다	1
짚이다	1
작사하다	1
되밟다	1
패가망신하다	1
스카우트되다	1
기정사실화되다	1
공단다운	1
분명히하다	1
연임시키다	1
부화하다	1
지급	1
조산하다	1
작동시킨다	1
응고하다	1
애먹이다	1
견실하다	1
단축시키다	1
항상화되는	1
진작시키다	1
병합되다	1
고속화하다	1
산업화해	1
가감하다	1
출교하다	1
비약하다	1
전업하다	1
상정시키다	1
맞대결하다	1
죄악시하다	1
안심시키기도	1
지득하다	1
증설	1
단일화되다	1
쓸어버리다	1
삼배하다	1
교유하다	1
입직하다	1
항명하다	1
파안대소하다	1
정반대되다	1
밀반입하다	1
더듬거리다	1
융합시키지	1
하달하다	1
금기시되다	1
수립	1
오락가락한	1
분포되다	1
불구속하다	1
다운되다	1
유료화하는	1
야구하다	1
안쓰러워하다	1
조난되다	1
허둥거리다	1
상속될	1
열연하다	1
봉기하다	1
작곡되다	1
발견	1
구동하다	1
강성하다	1
혹세무민하다	1
강림하다	1
녹여내다	1
패악스럽다	1
구워삶다	1
참수되다	1
성(聖)스럽다	1
추적	1
탐욕스럽다	1
다원화되다	1
감축	1
엄혹(嚴酷)했다	1
하직하다	1
애통하다	1
추앙됐다	1
협애하다	1
부모되어서	1
악선전하다	1
조촐하다	1
이상	1
구질구질한	1
찾아뵈다	1
애송하다	1
더불어민주당으로	1
야반도주하다	1
보증	1
닦이다	1
제기돼왔지만	1
쟁쟁거리다	1
소담하다	1
도굴되다	1
밀거래하다	1
대여	1
대여되다	1
덤덤하다	1
파하다	1
터프하다	1
누리되다	1
신신당부하다	1
공론화된다	1
유보시키는	1
유지시켰다"고	1
일보하다	1
활강하다	1
변덕스렇	1
담아가	1
대선읽기	1
농축시키다	1
덧나다	1
이되다	1
훤칠하다	1
인사조치되다	1
사퇴	1
앙다물다	1
존중받다	1
다시다	1
옻칠하다	1
빨리다	1
증설되다	1
평성되다	1
지명	1
창조	1
연장	1
지정받을	1
혹사당하다	1
발전했죠?"	1
단념하다	1
처단되다	1
복되다	1
조제하다	1
습격당하다	1
찜찜하다	1
이첩되다	1
문병하다	1
면회하다	1
깜빡거리다	1
허송하다	1
서훈하다	1
반대	1
탈북했다가	1
해야다	1
위협당하다	1
수단화하는	1
위태위태하다	1
재조명되다	1
롱런하다	1
진흥시키다	1
자동화되다	1
내재하다	1
이룩되다	1
누락시키다	1
의무신고해야	1
발현하다	1
둥그렇다	1
독되다	1
겉돌다	1
간병하다	1
예산 으로	1
데려가다	1
중계방송하다	1
되돌려주	1
자연	1
퇴출당하다	1
음주하다	1
얄밉다	1
야기시키다	1
빈둥빈둥했겠지요"라며	1
주옥같다	1
다걸기(올인)했기	1
끄적거리다	1
투고하다	1
힘드셔도	1
장하다	1
치장되다	1
흥청거리다	1
깎아내	1
깎아지르다	1
우러르다	1
비판적이다	1
갸우뚱거리다	1
적중시키다	1
간략하다	1
부정당하다	1
검토"한다는	1
감지덕지하다	1
맘먹다	1
출격	1
헐떡거리다	1
수그리다	1
우상화하다	1
탈태하다	1
고갈시키다	1
철들다	1
폄훼되다	1
진보시키다	1
집적시키다	1
어찌되다	1
어떡하나'	1
내조하다	1
교역하다	1
시설하다	1
넘실대다	1
급작스럽다	1
재발급받다	1
몰아오다	1
정전되다	1
감전되다	1
비굴하다	1
떨어뜨리다	1
결투하다	1
공시	1
방위하다	1
무장시키다	1
비축	1
지원(47억원)하고,	1
중심하다	1
바빠질까'라는	1
안사는	1
구매	1
평행하다	1
소란스러운	1
개진되다	1
들썩거리다	1
겨워하다	1
破(파)하라	1
국제화되다	1
변동되다	1
횡설수설하다	1
손상하다	1
꿈인	1
하야도	1
언도하다	1
지배당하다	1
굴곡지다	1
설법하다	1
팽팽할	1
줄기차다	1
아삭하다	1
잡다하다	1
선승한테	1
꿇어앉다	1
해로하다	1
드라이브하다	1
통통하다	1
핥아먹다	1
패기만만하다	1
통탄하다	1
출전했었다	1
버젓하다	1
해설	1
홀짝거리다	1
배가하다	1
고증하다	1
뜬다	1
협력	1
말살시키다	1
참수하다	1
덤벼들다	1
신인답지	1
빠짐없다	1
주물럭거리다	1
다기하다	1
꼬물거리다	1
쥐어박다	1
끄덕거리다	1
인식	1
봉긋하다	1
찬동하다	1
그르치다	1
질박하다	1
단순화되다	1
물결치다	1
구구절절하다	1
걸레질하고	1
빈정대다	1
억지스럽다	1
강대하다	1
다종	1
깊이다	1
모집다	1
편입시키다	1
말소하다	1
결근하다	1
중요시합니다."	1
박살냈다	1
들여다보이다	1
노닥거리다	1
잡아떼다	1
개축되다	1
길쭉하다	1
흐느적거리다	1
골인하다	1
초긴장하다	1
상용화하다	1
출고하다	1
조합되다	1
속박하다	1
고양하다	1
젊어지다	1
바로잡히다	1
분골쇄신하다	1
해코지하다	1
퇴역하다	1
호화스럽다	1
관상하다	1
우등하다	1
초극하다	1
경감시키다	1
감세하다	1
휘발되다	1
벗어던지다	1
리콜하다	1
감산하다	1
살포되다	1
무해하다	1
핍박하다	1
우렁차다	1
차별받다	1
소멸시키기	1
어깨동무하다	1
유형화하다	1
아니니까요	1
제품화되다	1
봉합되	1
변형	1
수정	1
수군거리다	1
애석하다	1
임관되다	1
나두면서	1
집단화되다	1
받아쓰다	1
등원시키다	1
모니터하다	1
시시콜콜하다	1
외도하다	1
깔깔거리다	1
치사하다	1
끝나되다	1
준용되다	1
휑하다	1
함께했기	1
출연되다	1
땀나다	1
출가시켰다	1
추앙하다	1
골리다	1
박멸하다	1
혐오스럽다	1
발육하다	1
진술	1
수매하다	1
맹공격하다	1
데카당스하	1
불운하다	1
무궁하다	1
엎치다	1
서성거리다	1
야위다	1
개입시키다	1
확인해야겠으니	1
촬영	1
실습하다	1
몰염치하다	1
파멸되다	1
입시학원화하다	1
진득하다	1
발령	1
어른스럽다	1
경계	1
역습하다	1
건사하다	1
알쏭달쏭한	1
지내-오다	1
의절하다	1
'반강매'하다시피	1
프로다운	1
급전직하하다	1
보람차다	1
다이다	1
사법처리하다	1
징그럽다	1
사문화하다	1
첨예화되다	1
치열	1
위해하다	1
탈진하다	1
퇴행하다	1
현혹시키다	1
득공하다	1
지정받다	1
몰사하다	1
찌그러지다	1
임기응변하다	1
말조심하다	1
침몰되다	1
이성하다	1
느껴지다	1
주경야독하다	1
트레이드-되다	1
다운그레이드-되다	1
점수화하다	1
계약되다	1
재탄생하다	1
제의받다	1
배향하다	1
추존되다	1
한턱내다	1
스멀거리다	1
벗하다	1
발의되	1
석방	1
성숙시키다	1
유유자적하다	1
노릇하다	1
풍미롭	1
찾아들다	1
넋두리하다	1
허접스럽다	1
으쓱하다	1
빼곡하게	1
도취되다	1
또랑또랑하다	1
반주하다	1
검거다	1
연구	1
포복하다	1
공감되다	1
입소시키다	1
심의되다	1
다우다	1
디테일하다	1
휘둥그레지다	1
투자	1
사격	1
극찬받아	1
질색하다	1
태부족하다	1
비켜나다	1
낭랑하다	1
보쌈하다	1
송연하다	1
뛰어오다	1
이장되다	1
음모하다	1
위험스럽다	1
웅성거리다	1
상품화하다	1
선포	1
잊혀지다	1
파손시키다	1
극화되다	1
착취되다	1
찌뿌드드하다	1
가동	1
강조	1
폐강하다	1
구술하다	1
컷오프되	1
깔보다	1
휘청대다	1
분통하다'	1
비껴가다	1
폄하되다	1
조타하다	1
선회	1
실없다	1
재건축되다	1
국유화된	1
고령화한	1
매장시키다	1
조언	1
편찮다	1
발화하다	1
입학	1
역수입하다	1
좀먹다	1
문전박대당하다	1
부활시키다	1
관행화된	1
불순하다	1
반대되다	1
초토화하다	1
둔중하다	1
좌고우면하다	1
쿨럭거리다	1
도지다	1
지목	1
뜨이다	1
어중간하다	1
욕망하다	1
일반화되다	1
방역하다	1
위무하다	1
입신출세하다	1
출현	1
변동하다	1
소상하다	1
유한하다	1
명랑해질	1
발생되다	1
명중시키다	1
'겨울다운	1
쪼그라뜨리다	1
노화되다	1
당도하다	1
승낙하다	1
근접되다	1
진화시키다	1
역전된	1
직행시키다	1
자해하다	1
처형당하다	1
괴멸되다	1
정탐하다	1
덜커덩거리다	1
불콰하다	1
고속화되다	1
남획하다	1
귀해지며	1
송환되다	1
분노	1
분노해야겠다	1
원위치하다	1
귀착되다	1
짙어지다	1
창당되다	1
분당하다	1
증선하다	1
널뛰다	1
투매하다	1
고졸하다	1
아우성치다	1
간질이다	1
충동하다	1
'특별난'	1
시음하다	1
사면받다	1
합주하다	1
부족하죠.	1
미적용하다	1
실패	1
자리보전하다	1
왕래하다	1
매달려"	1
제적되다	1
동하다	1
알록달록하다	1
너무하잖아	1
치사해지는	1
구태의연하다	1
시큰거리다	1
삐뚤어지다	1
출력	1
구형	1
방청하다	1
조작	1
그래서/	1
상부상조하다	1
출하하다	1
막아내	1
절하다	1
위로	1
재신청하다	1
축약하다	1
마모되다	1
우선시되다	1
독서하다	1
조우하다	1
병합하다	1
아첨하다	1
천대되다	1
주도면밀하다	1
작렬하다	1
빨래하다	1
밥하다	1
징계받다	1
나대다	1
매몰하다	1
일시중지시키다	1
종료시키다	1
포격당하다	1
아니에요."(1946년	1
재선하다	1
가장시키다	1
합숙하다	1
움찔거리다	1
황당무계하다	1
털리다	1
턱없다	1
멍청하다	1
불이익하다	1
잠입시키다	1
즐거워지다	1
방미하다	1
식용하다	1
왔다갔다하다	1
호식하다	1
복구	1
착종하다	1
생색내다	1
등치다	1
지능화하다	1
좌경화되다	1
흡연하다	1
일관	1
면책되다	1
후보로	1
결속하다	1
파종하다	1
여성스럽다	1
정성스런	1
식재하다	1
중지	1
세차하다	1
찌우다	1
헝클어지다	1
따먹다	1
대형화하다	1
빨아올리다	1
개수하다	1
지저분하다	1
수식하다	1
쏟아내기도	1
조인하다	1
선납하다	1
간청하다	1
실망시키다	1
사건화되다	1
낙승하다	1
소등하다	1
사오	1
단식하다	1
변절하다	1
묻혀있어	1
숨어살	1
싸안다	1
악착같다	1
육성되다	1
자비롭다	1
은혜롭다	1
